"project_name","SITE_ID","SITE_ID_CORR_IND","sys_sample_code","sample_delivery_group","chemical_name","sample_date","cas_rn","fraction","result_value","result_unit","lab_anl_method_name","method_detection_limit","detection_limit_unit","quantitation_limit","lab_qualifiers","validator_qualifiers","interpreted_qualifiers","qaqc_date"
"SCRN_ALLEG-CO1","02-ALGY-20.3","N","02-ALGY-20.3-09152021-W","R2109606","alkalinity, total (as caco3)",2021-09-15 08:15:00,"ALK","T",54.3,"mg/l","SM 2320 B",1.8,"mg/l",2,"","A","",2021-10-27
"SCRN_ALLEG-CO1","02-ALGY-20.3","N","02-ALGY-20.3-09152021-W","R2109606","aluminum",2021-09-15 08:15:00,"7429-90-5","T",120,"ug/l","E200.8",7.6,"ug/l",10,"","A","",2021-10-27
"SCRN_ALLEG-CO1","02-ALGY-20.3","N","02-ALGY-20.3-09152021-W","R2109606","arsenic",2021-09-15 08:15:00,"7440-38-2","T",1.3,"ug/l","E200.8",0.32,"ug/l",1,"","A","",2021-10-27
"SCRN_ALLEG-CO1","02-ALGY-20.3","N","02-ALGY-20.3-09152021-W","R2109606","cadmium",2021-09-15 08:15:00,"7440-43-9","T",NA,"ug/l","E200.8",0.38,"ug/l",1,"U","U","Analyte was analyzed for but not detected",2021-10-27
"SCRN_ALLEG-CO1","02-ALGY-20.3","N","02-ALGY-20.3-09152021-W","R2109606","calcium",2021-09-15 08:15:00,"7440-70-2","T",19000,"ug/l","E200.7",110,"ug/l",1000,"","A","",2021-10-27
"SCRN_ALLEG-CO1","02-ALGY-20.3","N","02-ALGY-20.3-09152021-W","R2109606","chloride (as cl)",2021-09-15 08:15:00,"16887-00-6","T",23.7,"mg/l","E300.0",0.5,"mg/l",2,"","A","",2021-10-27
"SCRN_ALLEG-CO1","02-ALGY-20.3","N","02-ALGY-20.3-09152021-W","R2109606","copper",2021-09-15 08:15:00,"7440-50-8","T",0.97,"ug/l","E200.8",0.66,"ug/l",1,"J","J","estimated value due to lab error",2021-10-27
"SCRN_ALLEG-CO1","02-ALGY-20.3","N","02-ALGY-20.3-09152021-W","R2109606","hardness (as caco3)",2021-09-15 08:15:00,"HARD","T",63.2,"mg/l","SM2340B",NA,"mg/l",6.62,"","A","",2021-10-27
"SCRN_ALLEG-CO1","02-ALGY-20.3","N","02-ALGY-20.3-09152021-W","R2109606","iron",2021-09-15 08:15:00,"7439-89-6","T",464,"ug/l","E200.7",20,"ug/l",100,"","A","",2021-10-27
"SCRN_ALLEG-CO1","02-ALGY-20.3","N","02-ALGY-20.3-09152021-W","R2109606","lead",2021-09-15 08:15:00,"7439-92-1","T",0.41,"ug/l","E200.8",0.19,"ug/l",1,"J","J","estimated value due to lab error",2021-10-27
"SCRN_ALLEG-CO1","02-ALGY-20.3","N","02-ALGY-20.3-09152021-W","R2109606","magnesium",2021-09-15 08:15:00,"7439-95-4","T",3820,"ug/l","E200.7",68,"ug/l",1000,"","A","",2021-10-27
"SCRN_ALLEG-CO1","02-ALGY-20.3","N","02-ALGY-20.3-09152021-W","R2109606","nickel",2021-09-15 08:15:00,"7440-02-0","T",0.82,"ug/l","E200.8",0.46,"ug/l",1,"J","J","estimated value due to lab error",2021-10-27
"SCRN_ALLEG-CO1","02-ALGY-20.3","N","02-ALGY-20.3-09152021-W","R2109606","nitrate+nitrite as nitrogen",2021-09-15 08:15:00,"NO3NO2N","T",0.303,"mg/l","E353.2",0.0015,"mg/l",0.002,"","A","",2021-10-27
"SCRN_ALLEG-CO1","02-ALGY-20.3","N","02-ALGY-20.3-09152021-W","R2109606","nitrogen",2021-09-15 08:15:00,"7727-37-9","T",0.59,"mg/l","Calculation",NA,"mg/l",0.1,"","R","Equipment Blank error",2021-10-27
"SCRN_ALLEG-CO1","02-ALGY-20.3","N","02-ALGY-20.3-09152021-W","R2109606","nitrogen, ammonia (as n)",2021-09-15 08:15:00,"7664-41-7","T",0.012,"mg/l","E350.1",0.003,"mg/l",0.01,"","A","",2021-10-27
"SCRN_ALLEG-CO1","02-ALGY-20.3","N","02-ALGY-20.3-09152021-W","R2109606","nitrogen, kjeldahl, total",2021-09-15 08:15:00,"KN","T",0.28,"mg/l","E351.2",0.1,"mg/l",0.1,"","R","Equipment Blank error",2021-10-27
"SCRN_ALLEG-CO1","02-ALGY-20.3","N","02-ALGY-20.3-09152021-W","R2109606","nitrogen, nitrate (as n)",2021-09-15 08:15:00,"14797-55-8","T",0.303,"mg/l","Calculation",NA,"mg/l",0.01,"","A","",2021-10-27
"SCRN_ALLEG-CO1","02-ALGY-20.3","N","02-ALGY-20.3-09152021-W","R2109606","nitrogen, nitrite",2021-09-15 08:15:00,"14797-65-0","T",NA,"mg/l","E353.2",0.007,"mg/l",0.01,"U","U","Analyte was analyzed for but not detected",2021-10-27
"SCRN_ALLEG-CO1","02-ALGY-20.3","N","02-ALGY-20.3-09152021-W","R2109606","phosphorus, total (as p)",2021-09-15 08:15:00,"7723-14-0","T",0.0248,"mg/l","E365.1",0.0036,"mg/l",0.005,"","A","",2021-10-27
"SCRN_ALLEG-CO1","02-ALGY-20.3","N","02-ALGY-20.3-09152021-W","R2109606","silver",2021-09-15 08:15:00,"7440-22-4","T",0.36,"ug/l","E200.8",0.042,"ug/l",1,"J","R","estimated value due to lab error ; Precision error",2021-10-27
"SCRN_ALLEG-CO1","02-ALGY-20.3","N","02-ALGY-20.3-09152021-W","R2109606","turbidity",2021-09-15 08:15:00,"TURB","T",8,"ntu","E180.1",0.06,"ntu",1,"","J","estimated value due to Equipment Blank error",2021-10-27
"SCRN_ALLEG-CO1","02-ALGY-20.3","N","02-ALGY-20.3-09152021-W","R2109606","zinc",2021-09-15 08:15:00,"7440-66-6","T",NA,"ug/l","E200.8",2.5,"ug/l",5,"U","U","Analyte was analyzed for but not detected",2021-10-27
"SCRN_ALLEG-CO1","02-ALGY-49.5","N","02-ALGY-49.5-09142021-W","R2109583","aluminum",2021-09-14 16:00:00,"7429-90-5","T",306,"ug/l","E200.8",7.6,"ug/l",10,"","A","",2021-10-27
"SCRN_ALLEG-CO1","02-ALGY-49.5","N","02-ALGY-49.5-09142021-W","R2109583","arsenic",2021-09-14 16:00:00,"7440-38-2","T",1.1,"ug/l","E200.8",0.32,"ug/l",1,"","A","",2021-10-27
"SCRN_ALLEG-CO1","02-ALGY-49.5","N","02-ALGY-49.5-09142021-W","R2109583","cadmium",2021-09-14 16:00:00,"7440-43-9","T",NA,"ug/l","E200.8",0.38,"ug/l",1,"U","U","Analyte was analyzed for but not detected",2021-10-27
"SCRN_ALLEG-CO1","02-ALGY-49.5","N","02-ALGY-49.5-09142021-W","R2109583","calcium",2021-09-14 16:00:00,"7440-70-2","T",8830,"ug/l","E200.7",110,"ug/l",1000,"","A","",2021-10-27
"SCRN_ALLEG-CO1","02-ALGY-49.5","N","02-ALGY-49.5-09142021-W","R2109583","chloride (as cl)",2021-09-14 16:00:00,"16887-00-6","T",8.5,"mg/l","E300.0",0.5,"mg/l",2,"","A","",2021-10-27
"SCRN_ALLEG-CO1","02-ALGY-49.5","N","02-ALGY-49.5-09142021-W","R2109583","copper",2021-09-14 16:00:00,"7440-50-8","T",1.3,"ug/l","E200.8",0.66,"ug/l",1,"","A","",2021-10-27
"SCRN_ALLEG-CO1","02-ALGY-49.5","N","02-ALGY-49.5-09142021-W","R2109583","hardness (as caco3)",2021-09-14 16:00:00,"HARD","T",32.1,"mg/l","SM2340B",NA,"mg/l",6.62,"","A","",2021-10-27
"SCRN_ALLEG-CO1","02-ALGY-49.5","N","02-ALGY-49.5-09142021-W","R2109583","turbidity",2021-09-14 16:00:00,"TURB","T",21.3,"ntu","E180.1",0.06,"ntu",1,"","A","",2021-10-27
"SCRN_ALLEG-CO1","02-ALGY-49.5","N","02-ALGY-49.5-09142021-W","R2109583","iron",2021-09-14 16:00:00,"7439-89-6","T",1160,"ug/l","E200.7",20,"ug/l",100,"","A","",2021-10-27
"SCRN_ALLEG-CO1","02-ALGY-49.5","N","02-ALGY-49.5-09142021-W","R2109583","alkalinity, total (as caco3)",2021-09-14 16:00:00,"ALK","T",28,"mg/l","SM 2320 B",1.8,"mg/l",2,"","A","",2021-10-27
"SCRN_ALLEG-CO1","02-ALGY-49.5","N","02-ALGY-49.5-09142021-W","R2109583","nitrogen, ammonia (as n)",2021-09-14 16:00:00,"7664-41-7","T",0.026,"mg/l","E350.1",0.003,"mg/l",0.01,"","A","",2021-10-27
"SCRN_ALLEG-CO1","02-ALGY-49.5","N","02-ALGY-49.5-09142021-W","R2109583","nitrogen, kjeldahl, total",2021-09-14 16:00:00,"KN","T",0.35,"mg/l","E351.2",0.1,"mg/l",0.1,"","R","Equipment Blank error",2021-10-27
"SCRN_ALLEG-CO1","02-ALGY-49.5","N","02-ALGY-49.5-09142021-W","R2109583","nitrogen, nitrate (as n)",2021-09-14 16:00:00,"14797-55-8","T",0.175,"mg/l","Calculation",NA,"mg/l",0.01,"","R","calculated parameter_see components",2021-10-27
"SCRN_ALLEG-CO1","02-ALGY-49.5","N","02-ALGY-49.5-09142021-W","R2109583","nitrogen, nitrite",2021-09-14 16:00:00,"14797-65-0","T",NA,"mg/l","E353.2",0.007,"mg/l",0.01,"U","R","Analyte was analyzed for but not detected ; Holding Time error",2021-10-27
"SCRN_ALLEG-CO1","02-ALGY-49.5","N","02-ALGY-49.5-09142021-W","R2109583","phosphorus, total (as p)",2021-09-14 16:00:00,"7723-14-0","T",0.0362,"mg/l","E365.1",0.0036,"mg/l",0.005,"","A","",2021-10-27
"SCRN_ALLEG-CO1","02-ALGY-49.5","N","02-ALGY-49.5-09142021-W","R2109583","silver",2021-09-14 16:00:00,"7440-22-4","T",NA,"ug/l","E200.8",0.042,"ug/l",1,"U","R","Analyte was analyzed for but not detected ; Precision error",2021-10-27
"SCRN_ALLEG-CO1","02-ALGY-49.5","N","02-ALGY-49.5-09142021-W","R2109583","nickel",2021-09-14 16:00:00,"7440-02-0","T",1.1,"ug/l","E200.8",0.46,"ug/l",1,"","A","",2021-10-27
"SCRN_ALLEG-CO1","02-ALGY-49.5","N","02-ALGY-49.5-09142021-W","R2109583","zinc",2021-09-14 16:00:00,"7440-66-6","T",4.8,"ug/l","E200.8",2.5,"ug/l",5,"J","J","estimated value due to lab error",2021-10-27
"SCRN_ALLEG-CO1","02-ALGY-49.5","N","02-ALGY-49.5-09142021-W","R2109583","lead",2021-09-14 16:00:00,"7439-92-1","T",0.68,"ug/l","E200.8",0.19,"ug/l",1,"J","J","estimated value due to lab error",2021-10-27
"SCRN_ALLEG-CO1","02-ALGY-49.5","N","02-ALGY-49.5-09142021-W","R2109583","magnesium",2021-09-14 16:00:00,"7439-95-4","T",2430,"ug/l","E200.7",68,"ug/l",1000,"","A","",2021-10-27
"SCRN_ALLEG-CO1","02-ALGY-49.5","N","02-ALGY-49.5-09142021-W","R2109583","nitrate+nitrite as nitrogen",2021-09-14 16:00:00,"NO3NO2N","T",0.175,"mg/l","E353.2",0.0015,"mg/l",0.002,"","A","",2021-10-27
"SCRN_ALLEG-CO1","02-ALGY-49.5","N","02-ALGY-49.5-09142021-W","R2109583","nitrogen",2021-09-14 16:00:00,"7727-37-9","T",0.52,"mg/l","Calculation",NA,"mg/l",0.1,"","T","low confidence in value due to Equipment Blank error",2021-10-27
"SCRN_ALLEG-CO1","02-BTLC-0.6","N","02-BTLC-0.6-09152021-W","R2109606","alkalinity, total (as caco3)",2021-09-15 14:30:00,"ALK","T",104,"mg/l","SM 2320 B",1.8,"mg/l",2,"","A","",2021-10-27
"SCRN_ALLEG-CO1","02-BTLC-0.6","N","02-BTLC-0.6-09152021-W","R2109606","aluminum",2021-09-15 14:30:00,"7429-90-5","T",1120,"ug/l","E200.8",152,"ug/l",200,"","A","",2021-10-27
"SCRN_ALLEG-CO1","02-BTLC-0.6","N","02-BTLC-0.6-09152021-W","R2109606","arsenic",2021-09-15 14:30:00,"7440-38-2","T",1.3,"ug/l","E200.8",0.32,"ug/l",1,"","A","",2021-10-27
"SCRN_ALLEG-CO1","02-BTLC-0.6","N","02-BTLC-0.6-09152021-W","R2109606","cadmium",2021-09-15 14:30:00,"7440-43-9","T",NA,"ug/l","E200.8",0.38,"ug/l",1,"U","U","Analyte was analyzed for but not detected",2021-10-27
"SCRN_ALLEG-CO1","02-BTLC-0.6","N","02-BTLC-0.6-09152021-W","R2109606","calcium",2021-09-15 14:30:00,"7440-70-2","T",33000,"ug/l","E200.7",110,"ug/l",1000,"","A","",2021-10-27
"SCRN_ALLEG-CO1","02-BTLC-0.6","N","02-BTLC-0.6-09152021-W","R2109606","chloride (as cl)",2021-09-15 14:30:00,"16887-00-6","T",33.1,"mg/l","E300.0",0.5,"mg/l",2,"","A","",2021-10-27
"SCRN_ALLEG-CO1","02-BTLC-0.6","N","02-BTLC-0.6-09152021-W","R2109606","copper",2021-09-15 14:30:00,"7440-50-8","T",3.7,"ug/l","E200.8",0.66,"ug/l",1,"","A","",2021-10-27
"SCRN_ALLEG-CO1","02-BTLC-0.6","N","02-BTLC-0.6-09152021-W","R2109606","hardness (as caco3)",2021-09-15 14:30:00,"HARD","T",106,"mg/l","SM2340B",NA,"mg/l",6.62,"","A","",2021-10-27
"SCRN_ALLEG-CO1","02-BTLC-0.6","N","02-BTLC-0.6-09152021-W","R2109606","iron",2021-09-15 14:30:00,"7439-89-6","T",2030,"ug/l","E200.7",20,"ug/l",100,"","A","",2021-10-27
"SCRN_ALLEG-CO1","02-BTLC-0.6","N","02-BTLC-0.6-09152021-W","R2109606","lead",2021-09-15 14:30:00,"7439-92-1","T",2.1,"ug/l","E200.8",0.19,"ug/l",1,"","A","",2021-10-27
"SCRN_ALLEG-CO1","02-BTLC-0.6","N","02-BTLC-0.6-09152021-W","R2109606","magnesium",2021-09-15 14:30:00,"7439-95-4","T",5600,"ug/l","E200.7",68,"ug/l",1000,"","A","",2021-10-27
"SCRN_ALLEG-CO1","02-BTLC-0.6","N","02-BTLC-0.6-09152021-W","R2109606","nickel",2021-09-15 14:30:00,"7440-02-0","T",2.3,"ug/l","E200.8",0.46,"ug/l",1,"","A","",2021-10-27
"SCRN_ALLEG-CO1","02-BTLC-0.6","N","02-BTLC-0.6-09152021-W","R2109606","nitrate+nitrite as nitrogen",2021-09-15 14:30:00,"NO3NO2N","T",0.324,"mg/l","E353.2",0.0015,"mg/l",0.002,"","A","",2021-10-27
"SCRN_ALLEG-CO1","02-BTLC-0.6","N","02-BTLC-0.6-09152021-W","R2109606","nitrogen",2021-09-15 14:30:00,"7727-37-9","T",1.48,"mg/l","Calculation",NA,"mg/l",0.1,"","J","estimated value due to Equipment Blank error",2021-10-27
"SCRN_ALLEG-CO1","02-BTLC-0.6","N","02-BTLC-0.6-09152021-W","R2109606","nitrogen, ammonia (as n)",2021-09-15 14:30:00,"7664-41-7","T",0.03,"mg/l","E350.1",0.003,"mg/l",0.01,"","A","",2021-10-27
"SCRN_ALLEG-CO1","02-BTLC-0.6","N","02-BTLC-0.6-09152021-W","R2109606","nitrogen, kjeldahl, total",2021-09-15 14:30:00,"KN","T",1.16,"mg/l","E351.2",0.1,"mg/l",0.1,"","T","low confidence in value due to Equipment Blank error",2021-10-27
"SCRN_ALLEG-CO1","02-BTLC-0.6","N","02-BTLC-0.6-09152021-W","R2109606","nitrogen, nitrate (as n)",2021-09-15 14:30:00,"14797-55-8","T",0.324,"mg/l","Calculation",NA,"mg/l",0.01,"","A","",2021-10-27
"SCRN_ALLEG-CO1","02-BTLC-0.6","N","02-BTLC-0.6-09152021-W","R2109606","nitrogen, nitrite",2021-09-15 14:30:00,"14797-65-0","T",NA,"mg/l","E353.2",0.007,"mg/l",0.01,"U","U","Analyte was analyzed for but not detected",2021-10-27
"SCRN_ALLEG-CO1","02-BTLC-0.6","N","02-BTLC-0.6-09152021-W","R2109606","phosphorus, total (as p)",2021-09-15 14:30:00,"7723-14-0","T",0.129,"mg/l","E365.1",0.018,"mg/l",0.025,"","A","",2021-10-27
"SCRN_ALLEG-CO1","02-BTLC-0.6","N","02-BTLC-0.6-09152021-W","R2109606","silver",2021-09-15 14:30:00,"7440-22-4","T",0.13,"ug/l","E200.8",0.042,"ug/l",1,"J","R","estimated value due to lab error ; Precision error",2021-10-27
"SCRN_ALLEG-CO1","02-BTLC-0.6","N","02-BTLC-0.6-09152021-W","R2109606","turbidity",2021-09-15 14:30:00,"TURB","T",53.4,"ntu","E180.1",0.06,"ntu",1,"","A","",2021-10-27
"SCRN_ALLEG-CO1","02-BTLC-0.6","N","02-BTLC-0.6-09152021-W","R2109606","zinc",2021-09-15 14:30:00,"7440-66-6","T",12.7,"ug/l","E200.8",2.5,"ug/l",5,"","A","",2021-10-27
"SCRN_ALLEG-CO1","02-CASS-12.5","N","02-CASS-12.5-09162021-W","R2109607","alkalinity, total (as caco3)",2021-09-16 08:00:00,"ALK","T",86.9,"mg/l","SM 2320 B",1.8,"mg/l",2,"","A","",2021-10-27
"SCRN_ALLEG-CO1","02-CASS-12.5","N","02-CASS-12.5-09162021-W","R2109607","aluminum",2021-09-16 08:00:00,"7429-90-5","T",836,"ug/l","E200.8",76,"ug/l",100,"","A","",2021-10-27
"SCRN_ALLEG-CO1","02-CASS-12.5","N","02-CASS-12.5-09162021-W","R2109607","arsenic",2021-09-16 08:00:00,"7440-38-2","T",1.5,"ug/l","E200.8",0.32,"ug/l",1,"","A","",2021-10-27
"SCRN_ALLEG-CO1","02-CASS-12.5","N","02-CASS-12.5-09162021-W","R2109607","cadmium",2021-09-16 08:00:00,"7440-43-9","T",NA,"ug/l","E200.8",0.38,"ug/l",1,"U","U","Analyte was analyzed for but not detected",2021-10-27
"SCRN_ALLEG-CO1","02-CASS-12.5","N","02-CASS-12.5-09162021-W","R2109607","calcium",2021-09-16 08:00:00,"7440-70-2","T",29000,"ug/l","E200.7",110,"ug/l",1000,"","A","",2021-10-27
"SCRN_ALLEG-CO1","02-CASS-12.5","N","02-CASS-12.5-09162021-W","R2109607","chloride (as cl)",2021-09-16 08:00:00,"16887-00-6","T",18.5,"mg/l","E300.0",0.5,"mg/l",2,"","A","",2021-10-27
"SCRN_ALLEG-CO1","02-CASS-12.5","N","02-CASS-12.5-09162021-W","R2109607","copper",2021-09-16 08:00:00,"7440-50-8","T",2.4,"ug/l","E200.8",0.66,"ug/l",1,"","A","",2021-10-27
"SCRN_ALLEG-CO1","02-CASS-12.5","N","02-CASS-12.5-09162021-W","R2109607","hardness (as caco3)",2021-09-16 08:00:00,"HARD","T",92.7,"mg/l","SM2340B",NA,"mg/l",6.62,"","A","",2021-10-27
"SCRN_ALLEG-CO1","02-CASS-12.5","N","02-CASS-12.5-09162021-W","R2109607","iron",2021-09-16 08:00:00,"7439-89-6","T",1780,"ug/l","E200.7",20,"ug/l",100,"","A","",2021-10-27
"SCRN_ALLEG-CO1","02-CASS-12.5","N","02-CASS-12.5-09162021-W","R2109607","lead",2021-09-16 08:00:00,"7439-92-1","T",1.3,"ug/l","E200.8",0.19,"ug/l",1,"","A","",2021-10-27
"SCRN_ALLEG-CO1","02-CASS-12.5","N","02-CASS-12.5-09162021-W","R2109607","magnesium",2021-09-16 08:00:00,"7439-95-4","T",4890,"ug/l","E200.7",68,"ug/l",1000,"","A","",2021-10-27
"SCRN_ALLEG-CO1","02-CASS-12.5","N","02-CASS-12.5-09162021-W","R2109607","nickel",2021-09-16 08:00:00,"7440-02-0","T",2,"ug/l","E200.8",0.46,"ug/l",1,"","A","",2021-10-27
"SCRN_ALLEG-CO1","02-CASS-12.5","N","02-CASS-12.5-09162021-W","R2109607","nitrate+nitrite as nitrogen",2021-09-16 08:00:00,"NO3NO2N","T",0.292,"mg/l","E353.2",0.0015,"mg/l",0.002,"","A","",2021-10-27
"SCRN_ALLEG-CO1","02-CASS-12.5","N","02-CASS-12.5-09162021-W","R2109607","nitrogen",2021-09-16 08:00:00,"7727-37-9","T",0.68,"mg/l","Calculation",NA,"mg/l",0.1,"","A","",2021-10-27
"SCRN_ALLEG-CO1","02-CASS-12.5","N","02-CASS-12.5-09162021-W","R2109607","nitrogen, ammonia (as n)",2021-09-16 08:00:00,"7664-41-7","T",0.023,"mg/l","E350.1",0.003,"mg/l",0.01,"","A","",2021-10-27
"SCRN_ALLEG-CO1","02-CASS-12.5","N","02-CASS-12.5-09162021-W","R2109607","nitrogen, kjeldahl, total",2021-09-16 08:00:00,"KN","T",0.38,"mg/l","E351.2",0.1,"mg/l",0.1,"","A","",2021-10-27
"SCRN_ALLEG-CO1","02-CASS-12.5","N","02-CASS-12.5-09162021-W","R2109607","nitrogen, nitrate (as n)",2021-09-16 08:00:00,"14797-55-8","T",0.292,"mg/l","Calculation",NA,"mg/l",0.01,"","A","",2021-10-27
"SCRN_ALLEG-CO1","02-CASS-12.5","N","02-CASS-12.5-09162021-W","R2109607","nitrogen, nitrite",2021-09-16 08:00:00,"14797-65-0","T",NA,"mg/l","E353.2",0.007,"mg/l",0.01,"U","U","Analyte was analyzed for but not detected",2021-10-27
"SCRN_ALLEG-CO1","02-CASS-12.5","N","02-CASS-12.5-09162021-W","R2109607","phosphorus, total (as p)",2021-09-16 08:00:00,"7723-14-0","T",0.0692,"mg/l","E365.1",0.0036,"mg/l",0.005,"","A","",2021-10-27
"SCRN_ALLEG-CO1","02-CASS-12.5","N","02-CASS-12.5-09162021-W","R2109607","silver",2021-09-16 08:00:00,"7440-22-4","T",0.11,"ug/l","E200.8",0.042,"ug/l",1,"J","R","estimated value due to lab error ; Precision error",2021-10-27
"SCRN_ALLEG-CO1","02-CASS-12.5","N","02-CASS-12.5-09162021-W","R2109607","turbidity",2021-09-16 08:00:00,"TURB","T",20.9,"ntu","E180.1",0.06,"ntu",1,"","A","",2021-10-27
"SCRN_ALLEG-CO1","02-CASS-12.5","N","02-CASS-12.5-09162021-W","R2109607","zinc",2021-09-16 08:00:00,"7440-66-6","T",5.3,"ug/l","E200.8",2.5,"ug/l",5,"","A","",2021-10-27
"SCRN_ALLEG-CO1","02-CASS-2.3","N","02-CASS-2.3-09162021-W","R2109607","alkalinity, total (as caco3)",2021-09-16 09:00:00,"ALK","T",77.6,"mg/l","SM 2320 B",1.8,"mg/l",2,"","A","",2021-10-27
"SCRN_ALLEG-CO1","02-CASS-2.3","N","02-CASS-2.3-09162021-W","R2109607","aluminum",2021-09-16 09:00:00,"7429-90-5","T",533,"ug/l","E200.8",76,"ug/l",100,"","A","",2021-10-27
"SCRN_ALLEG-CO1","02-CASS-2.3","N","02-CASS-2.3-09162021-W","R2109607","arsenic",2021-09-16 09:00:00,"7440-38-2","T",3,"ug/l","E200.8",0.32,"ug/l",1,"","A","",2021-10-27
"SCRN_ALLEG-CO1","02-CASS-2.3","N","02-CASS-2.3-09162021-W","R2109607","cadmium",2021-09-16 09:00:00,"7440-43-9","T",NA,"ug/l","E200.8",0.38,"ug/l",1,"U","U","Analyte was analyzed for but not detected",2021-10-27
"SCRN_ALLEG-CO1","02-CASS-2.3","N","02-CASS-2.3-09162021-W","R2109607","calcium",2021-09-16 09:00:00,"7440-70-2","T",25700,"ug/l","E200.7",110,"ug/l",1000,"","A","",2021-10-27
"SCRN_ALLEG-CO1","02-CASS-2.3","N","02-CASS-2.3-09162021-W","R2109607","chloride (as cl)",2021-09-16 09:00:00,"16887-00-6","T",32.4,"mg/l","E300.0",0.5,"mg/l",2,"","A","",2021-10-27
"SCRN_ALLEG-CO1","02-CASS-2.3","N","02-CASS-2.3-09162021-W","R2109607","copper",2021-09-16 09:00:00,"7440-50-8","T",3.8,"ug/l","E200.8",0.66,"ug/l",1,"","A","",2021-10-27
"SCRN_ALLEG-CO1","02-CASS-2.3","N","02-CASS-2.3-09162021-W","R2109607","hardness (as caco3)",2021-09-16 09:00:00,"HARD","T",85.2,"mg/l","SM2340B",NA,"mg/l",6.62,"","A","",2021-10-27
"SCRN_ALLEG-CO1","02-CASS-2.3","N","02-CASS-2.3-09162021-W","R2109607","iron",2021-09-16 09:00:00,"7439-89-6","T",1190,"ug/l","E200.7",20,"ug/l",100,"","A","",2021-10-27
"SCRN_ALLEG-CO1","02-CASS-2.3","N","02-CASS-2.3-09162021-W","R2109607","lead",2021-09-16 09:00:00,"7439-92-1","T",1.7,"ug/l","E200.8",0.19,"ug/l",1,"","A","",2021-10-27
"SCRN_ALLEG-CO1","02-CASS-2.3","N","02-CASS-2.3-09162021-W","R2109607","magnesium",2021-09-16 09:00:00,"7439-95-4","T",5110,"ug/l","E200.7",68,"ug/l",1000,"","A","",2021-10-27
"SCRN_ALLEG-CO1","02-CASS-2.3","N","02-CASS-2.3-09162021-W","R2109607","nickel",2021-09-16 09:00:00,"7440-02-0","T",1.9,"ug/l","E200.8",0.46,"ug/l",1,"","A","",2021-10-27
"SCRN_ALLEG-CO1","02-CASS-2.3","N","02-CASS-2.3-09162021-W","R2109607","nitrate+nitrite as nitrogen",2021-09-16 09:00:00,"NO3NO2N","T",0.639,"mg/l","E353.2",0.0015,"mg/l",0.002,"","A","",2021-10-27
"SCRN_ALLEG-CO1","02-CASS-2.3","N","02-CASS-2.3-09162021-W","R2109607","nitrogen",2021-09-16 09:00:00,"7727-37-9","T",1.38,"mg/l","Calculation",NA,"mg/l",0.1,"","A","",2021-10-27
"SCRN_ALLEG-CO1","02-CASS-2.3","N","02-CASS-2.3-09162021-W","R2109607","nitrogen, ammonia (as n)",2021-09-16 09:00:00,"7664-41-7","T",0.132,"mg/l","E350.1",0.003,"mg/l",0.01,"","A","",2021-10-27
"SCRN_ALLEG-CO1","02-CASS-2.3","N","02-CASS-2.3-09162021-W","R2109607","nitrogen, kjeldahl, total",2021-09-16 09:00:00,"KN","T",0.74,"mg/l","E351.2",0.1,"mg/l",0.1,"","A","",2021-10-27
"SCRN_ALLEG-CO1","02-CASS-2.3","N","02-CASS-2.3-09162021-W","R2109607","nitrogen, nitrate (as n)",2021-09-16 09:00:00,"14797-55-8","T",0.619,"mg/l","Calculation",NA,"mg/l",0.01,"","A","",2021-10-27
"SCRN_ALLEG-CO1","02-CASS-2.3","N","02-CASS-2.3-09162021-W","R2109607","nitrogen, nitrite",2021-09-16 09:00:00,"14797-65-0","T",0.021,"mg/l","E353.2",0.007,"mg/l",0.01,"","A","",2021-10-27
"SCRN_ALLEG-CO1","02-CASS-2.3","N","02-CASS-2.3-09162021-W","R2109607","phosphorus, total (as p)",2021-09-16 09:00:00,"7723-14-0","T",0.113,"mg/l","E365.1",0.015,"mg/l",0.02,"","A","",2021-10-27
"SCRN_ALLEG-CO1","02-CASS-2.3","N","02-CASS-2.3-09162021-W","R2109607","silver",2021-09-16 09:00:00,"7440-22-4","T",0.11,"ug/l","E200.8",0.042,"ug/l",1,"J","R","estimated value due to lab error ; Precision error",2021-10-27
"SCRN_ALLEG-CO1","02-CASS-2.3","N","02-CASS-2.3-09162021-W","R2109607","turbidity",2021-09-16 09:00:00,"TURB","T",23,"ntu","E180.1",0.06,"ntu",1,"","A","",2021-10-27
"SCRN_ALLEG-CO1","02-CASS-2.3","N","02-CASS-2.3-09162021-W","R2109607","zinc",2021-09-16 09:00:00,"7440-66-6","T",6.3,"ug/l","E200.8",2.5,"ug/l",5,"","A","",2021-10-27
"SCRN_ALLEG-CO1","02-CHAD-2.2","N","02-CHAD-2.2-09162021-W","R2109607","alkalinity, total (as caco3)",2021-09-16 08:30:00,"ALK","T",68.1,"mg/l","SM 2320 B",1.8,"mg/l",2,"","A","",2021-10-27
"SCRN_ALLEG-CO1","02-CHAD-2.2","N","02-CHAD-2.2-09162021-W","R2109607","aluminum",2021-09-16 08:30:00,"7429-90-5","T",134,"ug/l","E200.8",7.6,"ug/l",10,"","A","",2021-10-27
"SCRN_ALLEG-CO1","02-CHAD-2.2","N","02-CHAD-2.2-09162021-W","R2109607","arsenic",2021-09-16 08:30:00,"7440-38-2","T",4.4,"ug/l","E200.8",0.32,"ug/l",1,"","A","",2021-10-27
"SCRN_ALLEG-CO1","02-CHAD-2.2","N","02-CHAD-2.2-09162021-W","R2109607","cadmium",2021-09-16 08:30:00,"7440-43-9","T",NA,"ug/l","E200.8",0.38,"ug/l",1,"U","U","Analyte was analyzed for but not detected",2021-10-27
"SCRN_ALLEG-CO1","02-CHAD-2.2","N","02-CHAD-2.2-09162021-W","R2109607","calcium",2021-09-16 08:30:00,"7440-70-2","T",22300,"ug/l","E200.7",110,"ug/l",1000,"","A","",2021-10-27
"SCRN_ALLEG-CO1","02-CHAD-2.2","N","02-CHAD-2.2-09162021-W","R2109607","chloride (as cl)",2021-09-16 08:30:00,"16887-00-6","T",46.2,"mg/l","E300.0",0.5,"mg/l",2,"","A","",2021-10-27
"SCRN_ALLEG-CO1","02-CHAD-2.2","N","02-CHAD-2.2-09162021-W","R2109607","copper",2021-09-16 08:30:00,"7440-50-8","T",3.3,"ug/l","E200.8",0.66,"ug/l",1,"","A","",2021-10-27
"SCRN_ALLEG-CO1","02-CHAD-2.2","N","02-CHAD-2.2-09162021-W","R2109607","hardness (as caco3)",2021-09-16 08:30:00,"HARD","T",77.7,"mg/l","SM2340B",NA,"mg/l",6.62,"","A","",2021-10-27
"SCRN_ALLEG-CO1","02-CHAD-2.2","N","02-CHAD-2.2-09162021-W","R2109607","iron",2021-09-16 08:30:00,"7439-89-6","T",407,"ug/l","E200.7",20,"ug/l",100,"","A","",2021-10-27
"SCRN_ALLEG-CO1","02-CHAD-2.2","N","02-CHAD-2.2-09162021-W","R2109607","lead",2021-09-16 08:30:00,"7439-92-1","T",1.5,"ug/l","E200.8",0.19,"ug/l",1,"","A","",2021-10-27
"SCRN_ALLEG-CO1","02-CHAD-2.2","N","02-CHAD-2.2-09162021-W","R2109607","magnesium",2021-09-16 08:30:00,"7439-95-4","T",5340,"ug/l","E200.7",68,"ug/l",1000,"","A","",2021-10-27
"SCRN_ALLEG-CO1","02-CHAD-2.2","N","02-CHAD-2.2-09162021-W","R2109607","nickel",2021-09-16 08:30:00,"7440-02-0","T",1,"ug/l","E200.8",0.46,"ug/l",1,"","A","",2021-10-27
"SCRN_ALLEG-CO1","02-CHAD-2.2","N","02-CHAD-2.2-09162021-W","R2109607","nitrate+nitrite as nitrogen",2021-09-16 08:30:00,"NO3NO2N","T",0.208,"mg/l","E353.2",0.0015,"mg/l",0.002,"","A","",2021-10-27
"SCRN_ALLEG-CO1","02-CHAD-2.2","N","02-CHAD-2.2-09162021-W","R2109607","nitrogen",2021-09-16 08:30:00,"7727-37-9","T",0.87,"mg/l","Calculation",NA,"mg/l",0.1,"","A","",2021-10-27
"SCRN_ALLEG-CO1","02-CHAD-2.2","N","02-CHAD-2.2-09162021-W","R2109607","nitrogen, ammonia (as n)",2021-09-16 08:30:00,"7664-41-7","T",0.029,"mg/l","E350.1",0.003,"mg/l",0.01,"","A","",2021-10-27
"SCRN_ALLEG-CO1","02-CHAD-2.2","N","02-CHAD-2.2-09162021-W","R2109607","nitrogen, kjeldahl, total",2021-09-16 08:30:00,"KN","T",0.66,"mg/l","E351.2",0.1,"mg/l",0.1,"","A","",2021-10-27
"SCRN_ALLEG-CO1","02-CHAD-2.2","N","02-CHAD-2.2-09162021-W","R2109607","nitrogen, nitrate (as n)",2021-09-16 08:30:00,"14797-55-8","T",0.208,"mg/l","Calculation",NA,"mg/l",0.01,"","A","",2021-10-27
"SCRN_ALLEG-CO1","02-CHAD-2.2","N","02-CHAD-2.2-09162021-W","R2109607","nitrogen, nitrite",2021-09-16 08:30:00,"14797-65-0","T",NA,"mg/l","E353.2",0.007,"mg/l",0.01,"U","U","Analyte was analyzed for but not detected",2021-10-27
"SCRN_ALLEG-CO1","02-CHAD-2.2","N","02-CHAD-2.2-09162021-W","R2109607","phosphorus, total (as p)",2021-09-16 08:30:00,"7723-14-0","T",0.048,"mg/l","E365.1",0.0036,"mg/l",0.005,"","A","",2021-10-27
"SCRN_ALLEG-CO1","02-CHAD-2.2","N","02-CHAD-2.2-09162021-W","R2109607","silver",2021-09-16 08:30:00,"7440-22-4","T",0.16,"ug/l","E200.8",0.042,"ug/l",1,"J","R","estimated value due to lab error ; Precision error",2021-10-27
"SCRN_ALLEG-CO1","02-CHAD-2.2","N","02-CHAD-2.2-09162021-W","R2109607","turbidity",2021-09-16 08:30:00,"TURB","T",10.6,"ntu","E180.1",0.06,"ntu",1,"","A","",2021-10-27
"SCRN_ALLEG-CO1","02-CHAD-2.2","N","02-CHAD-2.2-09162021-W","R2109607","zinc",2021-09-16 08:30:00,"7440-66-6","T",5.4,"ug/l","E200.8",2.5,"ug/l",5,"","A","",2021-10-27
"SCRN_ALLEG-CO1","02-CSPG-4.3","N","02-CSPG-4.3-09152021-W","R2109606","nickel",2021-09-15 13:00:00,"7440-02-0","T",0.64,"ug/l","E200.8",0.46,"ug/l",1,"J","J","estimated value due to lab error",2021-10-27
"SCRN_ALLEG-CO1","02-CSPG-4.3","N","02-CSPG-4.3-09152021-W","R2109606","nitrate+nitrite as nitrogen",2021-09-15 13:00:00,"NO3NO2N","T",0.165,"mg/l","E353.2",0.0015,"mg/l",0.002,"","A","",2021-10-27
"SCRN_ALLEG-CO1","02-CSPG-4.3","N","02-CSPG-4.3-09152021-W","R2109606","nitrogen",2021-09-15 13:00:00,"7727-37-9","T",0.5,"mg/l","Calculation",NA,"mg/l",0.1,"","R","Equipment Blank error",2021-10-27
"SCRN_ALLEG-CO1","02-CSPG-4.3","N","02-CSPG-4.3-09152021-W","R2109606","nitrogen, ammonia (as n)",2021-09-15 13:00:00,"7664-41-7","T",0.013,"mg/l","E350.1",0.003,"mg/l",0.01,"","A","",2021-10-27
"SCRN_ALLEG-CO1","02-CSPG-4.3","N","02-CSPG-4.3-09152021-W","R2109606","nitrogen, kjeldahl, total",2021-09-15 13:00:00,"KN","T",0.34,"mg/l","E351.2",0.1,"mg/l",0.1,"","R","Equipment Blank error",2021-10-27
"SCRN_ALLEG-CO1","02-CSPG-4.3","N","02-CSPG-4.3-09152021-W","R2109606","nitrogen, nitrate (as n)",2021-09-15 13:00:00,"14797-55-8","T",0.165,"mg/l","Calculation",NA,"mg/l",0.01,"","A","",2021-10-27
"SCRN_ALLEG-CO1","02-CSPG-4.3","N","02-CSPG-4.3-09152021-W","R2109606","nitrogen, nitrite",2021-09-15 13:00:00,"14797-65-0","T",NA,"mg/l","E353.2",0.007,"mg/l",0.01,"U","U","Analyte was analyzed for but not detected",2021-10-27
"SCRN_ALLEG-CO1","02-CSPG-4.3","N","02-CSPG-4.3-09152021-W","R2109606","phosphorus, total (as p)",2021-09-15 13:00:00,"7723-14-0","T",0.0207,"mg/l","E365.1",0.0036,"mg/l",0.005,"","A","",2021-10-27
"SCRN_ALLEG-CO1","02-CSPG-4.3","N","02-CSPG-4.3-09152021-W","R2109606","silver",2021-09-15 13:00:00,"7440-22-4","T",0.18,"ug/l","E200.8",0.042,"ug/l",1,"J","R","estimated value due to lab error ; Precision error",2021-10-27
"SCRN_ALLEG-CO1","02-CSPG-4.3","N","02-CSPG-4.3-09152021-W","R2109606","turbidity",2021-09-15 13:00:00,"TURB","T",4.9,"ntu","E180.1",0.06,"ntu",1,"","T","low confidence in value due to Equipment Blank error",2021-10-27
"SCRN_ALLEG-CO1","02-CSPG-4.3","N","02-CSPG-4.3-09152021-W","R2109606","zinc",2021-09-15 13:00:00,"7440-66-6","T",NA,"ug/l","E200.8",2.5,"ug/l",5,"U","U","Analyte was analyzed for but not detected",2021-10-27
"SCRN_ALLEG-CO1","02-CSPG-4.3","N","02-CSPG-4.3-09152021-W","R2109606","alkalinity, total (as caco3)",2021-09-15 13:00:00,"ALK","T",45.6,"mg/l","SM 2320 B",1.8,"mg/l",2,"","A","",2021-10-27
"SCRN_ALLEG-CO1","02-CSPG-4.3","N","02-CSPG-4.3-09152021-W","R2109606","aluminum",2021-09-15 13:00:00,"7429-90-5","T",85.6,"ug/l","E200.8",7.6,"ug/l",10,"","A","",2021-10-27
"SCRN_ALLEG-CO1","02-CSPG-4.3","N","02-CSPG-4.3-09152021-W","R2109606","arsenic",2021-09-15 13:00:00,"7440-38-2","T",0.75,"ug/l","E200.8",0.32,"ug/l",1,"J","J","estimated value due to lab error",2021-10-27
"SCRN_ALLEG-CO1","02-CSPG-4.3","N","02-CSPG-4.3-09152021-W","R2109606","cadmium",2021-09-15 13:00:00,"7440-43-9","T",NA,"ug/l","E200.8",0.38,"ug/l",1,"U","U","Analyte was analyzed for but not detected",2021-10-27
"SCRN_ALLEG-CO1","02-CSPG-4.3","N","02-CSPG-4.3-09152021-W","R2109606","calcium",2021-09-15 13:00:00,"7440-70-2","T",15500,"ug/l","E200.7",110,"ug/l",1000,"","A","",2021-10-27
"SCRN_ALLEG-CO1","02-CSPG-4.3","N","02-CSPG-4.3-09152021-W","R2109606","chloride (as cl)",2021-09-15 13:00:00,"16887-00-6","T",10.2,"mg/l","E300.0",0.5,"mg/l",2,"","A","",2021-10-27
"SCRN_ALLEG-CO1","02-CSPG-4.3","N","02-CSPG-4.3-09152021-W","R2109606","copper",2021-09-15 13:00:00,"7440-50-8","T",0.81,"ug/l","E200.8",0.66,"ug/l",1,"J","J","estimated value due to lab error",2021-10-27
"SCRN_ALLEG-CO1","02-CSPG-4.3","N","02-CSPG-4.3-09152021-W","R2109606","hardness (as caco3)",2021-09-15 13:00:00,"HARD","T",48.6,"mg/l","SM2340B",NA,"mg/l",6.62,"","A","",2021-10-27
"SCRN_ALLEG-CO1","02-CSPG-4.3","N","02-CSPG-4.3-09152021-W","R2109606","iron",2021-09-15 13:00:00,"7439-89-6","T",285,"ug/l","E200.7",20,"ug/l",100,"","A","",2021-10-27
"SCRN_ALLEG-CO1","02-CSPG-4.3","N","02-CSPG-4.3-09152021-W","R2109606","lead",2021-09-15 13:00:00,"7439-92-1","T",NA,"ug/l","E200.8",0.19,"ug/l",1,"U","U","Analyte was analyzed for but not detected",2021-10-27
"SCRN_ALLEG-CO1","02-CSPG-4.3","N","02-CSPG-4.3-09152021-W","R2109606","magnesium",2021-09-15 13:00:00,"7439-95-4","T",2420,"ug/l","E200.7",68,"ug/l",1000,"","A","",2021-10-27
"SCRN_ALLEG-CO1","02-CSRN-1.1","N","02-CSRN-1.1-09162021-W","R2109607","alkalinity, total (as caco3)",2021-09-16 09:30:00,"ALK","T",92.6,"mg/l","SM 2320 B",1.8,"mg/l",2,"","A","",2021-10-27
"SCRN_ALLEG-CO1","02-CSRN-1.1","N","02-CSRN-1.1-09162021-W","R2109607","aluminum",2021-09-16 09:30:00,"7429-90-5","T",291,"ug/l","E200.8",7.6,"ug/l",10,"","A","",2021-10-27
"SCRN_ALLEG-CO1","02-CSRN-1.1","N","02-CSRN-1.1-09162021-W","R2109607","arsenic",2021-09-16 09:30:00,"7440-38-2","T",2.2,"ug/l","E200.8",0.32,"ug/l",1,"","A","",2021-10-27
"SCRN_ALLEG-CO1","02-CSRN-1.1","N","02-CSRN-1.1-09162021-W","R2109607","cadmium",2021-09-16 09:30:00,"7440-43-9","T",NA,"ug/l","E200.8",0.38,"ug/l",1,"U","U","Analyte was analyzed for but not detected",2021-10-27
"SCRN_ALLEG-CO1","02-CSRN-1.1","N","02-CSRN-1.1-09162021-W","R2109607","calcium",2021-09-16 09:30:00,"7440-70-2","T",30700,"ug/l","E200.7",110,"ug/l",1000,"","A","",2021-10-27
"SCRN_ALLEG-CO1","02-CSRN-1.1","N","02-CSRN-1.1-09162021-W","R2109607","chloride (as cl)",2021-09-16 09:30:00,"16887-00-6","T",11.4,"mg/l","E300.0",0.5,"mg/l",2,"","A","",2021-10-27
"SCRN_ALLEG-CO1","02-CSRN-1.1","N","02-CSRN-1.1-09162021-W","R2109607","copper",2021-09-16 09:30:00,"7440-50-8","T",1.4,"ug/l","E200.8",0.66,"ug/l",1,"","A","",2021-10-27
"SCRN_ALLEG-CO1","02-CSRN-1.1","N","02-CSRN-1.1-09162021-W","R2109607","hardness (as caco3)",2021-09-16 09:30:00,"HARD","T",98.7,"mg/l","SM2340B",NA,"mg/l",6.62,"","A","",2021-10-27
"SCRN_ALLEG-CO1","02-CSRN-1.1","N","02-CSRN-1.1-09162021-W","R2109607","iron",2021-09-16 09:30:00,"7439-89-6","T",1140,"ug/l","E200.7",20,"ug/l",100,"","A","",2021-10-27
"SCRN_ALLEG-CO1","02-CSRN-1.1","N","02-CSRN-1.1-09162021-W","R2109607","lead",2021-09-16 09:30:00,"7439-92-1","T",0.51,"ug/l","E200.8",0.19,"ug/l",1,"J","J","estimated value due to lab error",2021-10-27
"SCRN_ALLEG-CO1","02-CSRN-1.1","N","02-CSRN-1.1-09162021-W","R2109607","magnesium",2021-09-16 09:30:00,"7439-95-4","T",5370,"ug/l","E200.7",68,"ug/l",1000,"","A","",2021-10-27
"SCRN_ALLEG-CO1","02-CSRN-1.1","N","02-CSRN-1.1-09162021-W","R2109607","nickel",2021-09-16 09:30:00,"7440-02-0","T",1.2,"ug/l","E200.8",0.46,"ug/l",1,"","A","",2021-10-27
"SCRN_ALLEG-CO1","02-CSRN-1.1","N","02-CSRN-1.1-09162021-W","R2109607","nitrate+nitrite as nitrogen",2021-09-16 09:30:00,"NO3NO2N","T",0.194,"mg/l","E353.2",0.0015,"mg/l",0.002,"","A","",2021-10-27
"SCRN_ALLEG-CO1","02-CSRN-1.1","N","02-CSRN-1.1-09162021-W","R2109607","nitrogen",2021-09-16 09:30:00,"7727-37-9","T",0.61,"mg/l","Calculation",NA,"mg/l",0.1,"","A","",2021-10-27
"SCRN_ALLEG-CO1","02-CSRN-1.1","N","02-CSRN-1.1-09162021-W","R2109607","nitrogen, ammonia (as n)",2021-09-16 09:30:00,"7664-41-7","T",0.028,"mg/l","E350.1",0.003,"mg/l",0.01,"","A","",2021-10-27
"SCRN_ALLEG-CO1","02-CSRN-1.1","N","02-CSRN-1.1-09162021-W","R2109607","nitrogen, kjeldahl, total",2021-09-16 09:30:00,"KN","T",0.42,"mg/l","E351.2",0.1,"mg/l",0.1,"","A","",2021-10-27
"SCRN_ALLEG-CO1","02-CSRN-1.1","N","02-CSRN-1.1-09162021-W","R2109607","nitrogen, nitrate (as n)",2021-09-16 09:30:00,"14797-55-8","T",0.194,"mg/l","Calculation",NA,"mg/l",0.01,"","A","",2021-10-27
"SCRN_ALLEG-CO1","02-CSRN-1.1","N","02-CSRN-1.1-09162021-W","R2109607","nitrogen, nitrite",2021-09-16 09:30:00,"14797-65-0","T",NA,"mg/l","E353.2",0.007,"mg/l",0.01,"U","U","Analyte was analyzed for but not detected",2021-10-27
"SCRN_ALLEG-CO1","02-CSRN-1.1","N","02-CSRN-1.1-09162021-W","R2109607","phosphorus, total (as p)",2021-09-16 09:30:00,"7723-14-0","T",0.0452,"mg/l","E365.1",0.0036,"mg/l",0.005,"","A","",2021-10-27
"SCRN_ALLEG-CO1","02-CSRN-1.1","N","02-CSRN-1.1-09162021-W","R2109607","silver",2021-09-16 09:30:00,"7440-22-4","T",0.049,"ug/l","E200.8",0.042,"ug/l",1,"J","R","estimated value due to lab error ; Precision error",2021-10-27
"SCRN_ALLEG-CO1","02-CSRN-1.1","N","02-CSRN-1.1-09162021-W","R2109607","turbidity",2021-09-16 09:30:00,"TURB","T",16.7,"ntu","E180.1",0.06,"ntu",1,"","A","",2021-10-27
"SCRN_ALLEG-CO1","02-CSRN-1.1","N","02-CSRN-1.1-09162021-W","R2109607","zinc",2021-09-16 09:30:00,"7440-66-6","T",NA,"ug/l","E200.8",2.5,"ug/l",5,"U","U","Analyte was analyzed for but not detected",2021-10-27
"SCRN_ALLEG-CO1","02-DEVR-1.1","N","02-DEVR-1.1-09152021-W","R2109606","alkalinity, total (as caco3)",2021-09-15 11:00:00,"ALK","T",44.2,"mg/l","SM 2320 B",1.8,"mg/l",2,"","A","",2021-10-27
"SCRN_ALLEG-CO1","02-DEVR-1.1","N","02-DEVR-1.1-09152021-W","R2109606","aluminum",2021-09-15 11:00:00,"7429-90-5","T",60.8,"ug/l","E200.8",7.6,"ug/l",10,"","A","",2021-10-27
"SCRN_ALLEG-CO1","02-DEVR-1.1","N","02-DEVR-1.1-09152021-W","R2109606","arsenic",2021-09-15 11:00:00,"7440-38-2","T",1.8,"ug/l","E200.8",0.32,"ug/l",1,"","A","",2021-10-27
"SCRN_ALLEG-CO1","02-DEVR-1.1","N","02-DEVR-1.1-09152021-W","R2109606","cadmium",2021-09-15 11:00:00,"7440-43-9","T",NA,"ug/l","E200.8",0.38,"ug/l",1,"U","U","Analyte was analyzed for but not detected",2021-10-27
"SCRN_ALLEG-CO1","02-DEVR-1.1","N","02-DEVR-1.1-09152021-W","R2109606","calcium",2021-09-15 11:00:00,"7440-70-2","T",14700,"ug/l","E200.7",110,"ug/l",1000,"","A","",2021-10-27
"SCRN_ALLEG-CO1","02-DEVR-1.1","N","02-DEVR-1.1-09152021-W","R2109606","chloride (as cl)",2021-09-15 11:00:00,"16887-00-6","T",12.5,"mg/l","E300.0",0.5,"mg/l",2,"","A","",2021-10-27
"SCRN_ALLEG-CO1","02-DEVR-1.1","N","02-DEVR-1.1-09152021-W","R2109606","copper",2021-09-15 11:00:00,"7440-50-8","T",NA,"ug/l","E200.8",0.66,"ug/l",1,"U","U","Analyte was analyzed for but not detected",2021-10-27
"SCRN_ALLEG-CO1","02-DEVR-1.1","N","02-DEVR-1.1-09152021-W","R2109606","hardness (as caco3)",2021-09-15 11:00:00,"HARD","T",45.2,"mg/l","SM2340B",NA,"mg/l",6.62,"","A","",2021-10-27
"SCRN_ALLEG-CO1","02-DEVR-1.1","N","02-DEVR-1.1-09152021-W","R2109606","iron",2021-09-15 11:00:00,"7439-89-6","T",792,"ug/l","E200.7",20,"ug/l",100,"","A","",2021-10-27
"SCRN_ALLEG-CO1","02-DEVR-1.1","N","02-DEVR-1.1-09152021-W","R2109606","lead",2021-09-15 11:00:00,"7439-92-1","T",NA,"ug/l","E200.8",0.19,"ug/l",1,"U","U","Analyte was analyzed for but not detected",2021-10-27
"SCRN_ALLEG-CO1","02-DEVR-1.1","N","02-DEVR-1.1-09152021-W","R2109606","magnesium",2021-09-15 11:00:00,"7439-95-4","T",2060,"ug/l","E200.7",68,"ug/l",1000,"","A","",2021-10-27
"SCRN_ALLEG-CO1","02-DEVR-1.1","N","02-DEVR-1.1-09152021-W","R2109606","nickel",2021-09-15 11:00:00,"7440-02-0","T",0.62,"ug/l","E200.8",0.46,"ug/l",1,"J","J","estimated value due to lab error",2021-10-27
"SCRN_ALLEG-CO1","02-DEVR-1.1","N","02-DEVR-1.1-09152021-W","R2109606","nitrate+nitrite as nitrogen",2021-09-15 11:00:00,"NO3NO2N","T",0.0513,"mg/l","E353.2",0.0015,"mg/l",0.002,"","A","",2021-10-27
"SCRN_ALLEG-CO1","02-DEVR-1.1","N","02-DEVR-1.1-09152021-W","R2109606","nitrogen",2021-09-15 11:00:00,"7727-37-9","T",0.53,"mg/l","Calculation",NA,"mg/l",0.1,"","R","Equipment Blank error",2021-10-27
"SCRN_ALLEG-CO1","02-DEVR-1.1","N","02-DEVR-1.1-09152021-W","R2109606","nitrogen, ammonia (as n)",2021-09-15 11:00:00,"7664-41-7","T",0.01,"mg/l","E350.1",0.003,"mg/l",0.01,"","A","",2021-10-27
"SCRN_ALLEG-CO1","02-DEVR-1.1","N","02-DEVR-1.1-09152021-W","R2109606","nitrogen, kjeldahl, total",2021-09-15 11:00:00,"KN","T",0.48,"mg/l","E351.2",0.1,"mg/l",0.1,"","R","Equipment Blank error",2021-10-27
"SCRN_ALLEG-CO1","02-DEVR-1.1","N","02-DEVR-1.1-09152021-W","R2109606","nitrogen, nitrate (as n)",2021-09-15 11:00:00,"14797-55-8","T",0.051,"mg/l","Calculation",NA,"mg/l",0.01,"","A","",2021-10-27
"SCRN_ALLEG-CO1","02-DEVR-1.1","N","02-DEVR-1.1-09152021-W","R2109606","nitrogen, nitrite",2021-09-15 11:00:00,"14797-65-0","T",NA,"mg/l","E353.2",0.007,"mg/l",0.01,"U","U","Analyte was analyzed for but not detected",2021-10-27
"SCRN_ALLEG-CO1","02-DEVR-1.1","N","02-DEVR-1.1-09152021-W","R2109606","phosphorus, total (as p)",2021-09-15 11:00:00,"7723-14-0","T",0.0284,"mg/l","E365.1",0.0036,"mg/l",0.005,"","A","",2021-10-27
"SCRN_ALLEG-CO1","02-DEVR-1.1","N","02-DEVR-1.1-09152021-W","R2109606","silver",2021-09-15 11:00:00,"7440-22-4","T",0.23,"ug/l","E200.8",0.042,"ug/l",1,"J","R","estimated value due to lab error ; Precision error",2021-10-27
"SCRN_ALLEG-CO1","02-DEVR-1.1","N","02-DEVR-1.1-09152021-W","R2109606","turbidity",2021-09-15 11:00:00,"TURB","T",4.3,"ntu","E180.1",0.06,"ntu",1,"","T","low confidence in value due to Equipment Blank error",2021-10-27
"SCRN_ALLEG-CO1","02-DEVR-1.1","N","02-DEVR-1.1-09152021-W","R2109606","zinc",2021-09-15 11:00:00,"7440-66-6","T",NA,"ug/l","E200.8",2.5,"ug/l",5,"U","U","Analyte was analyzed for but not detected",2021-10-27
"SCRN_ALLEG-CO1","02-ELMC-4.3","N","02-ELMC-4.3-09152021-W","R2109606","alkalinity, total (as caco3)",2021-09-15 14:00:00,"ALK","T",69,"mg/l","SM 2320 B",1.8,"mg/l",2,"","A","",2021-10-27
"SCRN_ALLEG-CO1","02-ELMC-4.3","N","02-ELMC-4.3-09152021-W","R2109606","aluminum",2021-09-15 14:00:00,"7429-90-5","T",1400,"ug/l","E200.8",76,"ug/l",100,"","A","",2021-10-27
"SCRN_ALLEG-CO1","02-ELMC-4.3","N","02-ELMC-4.3-09152021-W","R2109606","arsenic",2021-09-15 14:00:00,"7440-38-2","T",1.4,"ug/l","E200.8",0.32,"ug/l",1,"","A","",2021-10-27
"SCRN_ALLEG-CO1","02-ELMC-4.3","N","02-ELMC-4.3-09152021-W","R2109606","cadmium",2021-09-15 14:00:00,"7440-43-9","T",NA,"ug/l","E200.8",0.38,"ug/l",1,"U","U","Analyte was analyzed for but not detected",2021-10-27
"SCRN_ALLEG-CO1","02-ELMC-4.3","N","02-ELMC-4.3-09152021-W","R2109606","calcium",2021-09-15 14:00:00,"7440-70-2","T",23200,"ug/l","E200.7",110,"ug/l",1000,"","A","",2021-10-27
"SCRN_ALLEG-CO1","02-ELMC-4.3","N","02-ELMC-4.3-09152021-W","R2109606","chloride (as cl)",2021-09-15 14:00:00,"16887-00-6","T",7.5,"mg/l","E300.0",0.5,"mg/l",2,"","A","",2021-10-27
"SCRN_ALLEG-CO1","02-ELMC-4.3","N","02-ELMC-4.3-09152021-W","R2109606","copper",2021-09-15 14:00:00,"7440-50-8","T",2.6,"ug/l","E200.8",0.66,"ug/l",1,"","A","",2021-10-27
"SCRN_ALLEG-CO1","02-ELMC-4.3","N","02-ELMC-4.3-09152021-W","R2109606","hardness (as caco3)",2021-09-15 14:00:00,"HARD","T",74,"mg/l","SM2340B",NA,"mg/l",6.62,"","A","",2021-10-27
"SCRN_ALLEG-CO1","02-ELMC-4.3","N","02-ELMC-4.3-09152021-W","R2109606","iron",2021-09-15 14:00:00,"7439-89-6","T",1880,"ug/l","E200.7",20,"ug/l",100,"","A","",2021-10-27
"SCRN_ALLEG-CO1","02-ELMC-4.3","N","02-ELMC-4.3-09152021-W","R2109606","lead",2021-09-15 14:00:00,"7439-92-1","T",2,"ug/l","E200.8",0.19,"ug/l",1,"","A","",2021-10-27
"SCRN_ALLEG-CO1","02-ELMC-4.3","N","02-ELMC-4.3-09152021-W","R2109606","magnesium",2021-09-15 14:00:00,"7439-95-4","T",3880,"ug/l","E200.7",68,"ug/l",1000,"","A","",2021-10-27
"SCRN_ALLEG-CO1","02-ELMC-4.3","N","02-ELMC-4.3-09152021-W","R2109606","nickel",2021-09-15 14:00:00,"7440-02-0","T",2.2,"ug/l","E200.8",0.46,"ug/l",1,"","A","",2021-10-27
"SCRN_ALLEG-CO1","02-ELMC-4.3","N","02-ELMC-4.3-09152021-W","R2109606","nitrate+nitrite as nitrogen",2021-09-15 14:00:00,"NO3NO2N","T",0.426,"mg/l","E353.2",0.0015,"mg/l",0.002,"","A","",2021-10-27
"SCRN_ALLEG-CO1","02-ELMC-4.3","N","02-ELMC-4.3-09152021-W","R2109606","nitrogen",2021-09-15 14:00:00,"7727-37-9","T",1.57,"mg/l","Calculation",NA,"mg/l",0.1,"","J","estimated value due to Equipment Blank error",2021-10-27
"SCRN_ALLEG-CO1","02-ELMC-4.3","N","02-ELMC-4.3-09152021-W","R2109606","nitrogen, ammonia (as n)",2021-09-15 14:00:00,"7664-41-7","T",0.028,"mg/l","E350.1",0.003,"mg/l",0.01,"","A","",2021-10-27
"SCRN_ALLEG-CO1","02-ELMC-4.3","N","02-ELMC-4.3-09152021-W","R2109606","nitrogen, kjeldahl, total",2021-09-15 14:00:00,"KN","T",1.14,"mg/l","E351.2",0.1,"mg/l",0.1,"","T","low confidence in value due to Equipment Blank error",2021-10-27
"SCRN_ALLEG-CO1","02-ELMC-4.3","N","02-ELMC-4.3-09152021-W","R2109606","nitrogen, nitrate (as n)",2021-09-15 14:00:00,"14797-55-8","T",0.426,"mg/l","Calculation",NA,"mg/l",0.01,"","A","",2021-10-27
"SCRN_ALLEG-CO1","02-ELMC-4.3","N","02-ELMC-4.3-09152021-W","R2109606","nitrogen, nitrite",2021-09-15 14:00:00,"14797-65-0","T",NA,"mg/l","E353.2",0.007,"mg/l",0.01,"U","U","Analyte was analyzed for but not detected",2021-10-27
"SCRN_ALLEG-CO1","02-ELMC-4.3","N","02-ELMC-4.3-09152021-W","R2109606","phosphorus, total (as p)",2021-09-15 14:00:00,"7723-14-0","T",0.112,"mg/l","E365.1",0.018,"mg/l",0.025,"","A","",2021-10-27
"SCRN_ALLEG-CO1","02-ELMC-4.3","N","02-ELMC-4.3-09152021-W","R2109606","silver",2021-09-15 14:00:00,"7440-22-4","T",0.15,"ug/l","E200.8",0.042,"ug/l",1,"J","R","estimated value due to lab error ; Precision error",2021-10-27
"SCRN_ALLEG-CO1","02-ELMC-4.3","N","02-ELMC-4.3-09152021-W","R2109606","turbidity",2021-09-15 14:00:00,"TURB","T",55.6,"ntu","E180.1",0.06,"ntu",1,"","A","",2021-10-27
"SCRN_ALLEG-CO1","02-ELMC-4.3","N","02-ELMC-4.3-09152021-W","R2109606","zinc",2021-09-15 14:00:00,"7440-66-6","T",8.4,"ug/l","E200.8",2.5,"ug/l",5,"","A","",2021-10-27
"SCRN_ALLEG-CO1","02-GVAL-12.3","N","02-GVAL-12.3-09152021-W","R2109606","alkalinity, total (as caco3)",2021-09-15 10:00:00,"ALK","T",57.6,"mg/l","SM 2320 B",1.8,"mg/l",2,"","A","",2021-10-27
"SCRN_ALLEG-CO1","02-GVAL-12.3","N","02-GVAL-12.3-09152021-W","R2109606","aluminum",2021-09-15 10:00:00,"7429-90-5","T",57.3,"ug/l","E200.8",7.6,"ug/l",10,"","A","",2021-10-27
"SCRN_ALLEG-CO1","02-GVAL-12.3","N","02-GVAL-12.3-09152021-W","R2109606","arsenic",2021-09-15 10:00:00,"7440-38-2","T",1.5,"ug/l","E200.8",0.32,"ug/l",1,"","A","",2021-10-27
"SCRN_ALLEG-CO1","02-GVAL-12.3","N","02-GVAL-12.3-09152021-W","R2109606","cadmium",2021-09-15 10:00:00,"7440-43-9","T",NA,"ug/l","E200.8",0.38,"ug/l",1,"U","U","Analyte was analyzed for but not detected",2021-10-27
"SCRN_ALLEG-CO1","02-GVAL-12.3","N","02-GVAL-12.3-09152021-W","R2109606","calcium",2021-09-15 10:00:00,"7440-70-2","T",20100,"ug/l","E200.7",110,"ug/l",1000,"","A","",2021-10-27
"SCRN_ALLEG-CO1","02-GVAL-12.3","N","02-GVAL-12.3-09152021-W","R2109606","chloride (as cl)",2021-09-15 10:00:00,"16887-00-6","T",15,"mg/l","E300.0",0.5,"mg/l",2,"","A","",2021-10-27
"SCRN_ALLEG-CO1","02-GVAL-12.3","N","02-GVAL-12.3-09152021-W","R2109606","copper",2021-09-15 10:00:00,"7440-50-8","T",NA,"ug/l","E200.8",0.66,"ug/l",1,"U","U","Analyte was analyzed for but not detected",2021-10-27
"SCRN_ALLEG-CO1","02-GVAL-12.3","N","02-GVAL-12.3-09152021-W","R2109606","hardness (as caco3)",2021-09-15 10:00:00,"HARD","T",60.9,"mg/l","SM2340B",NA,"mg/l",6.62,"","A","",2021-10-27
"SCRN_ALLEG-CO1","02-GVAL-12.3","N","02-GVAL-12.3-09152021-W","R2109606","iron",2021-09-15 10:00:00,"7439-89-6","T",510,"ug/l","E200.7",20,"ug/l",100,"","A","",2021-10-27
"SCRN_ALLEG-CO1","02-GVAL-12.3","N","02-GVAL-12.3-09152021-W","R2109606","lead",2021-09-15 10:00:00,"7439-92-1","T",0.21,"ug/l","E200.8",0.19,"ug/l",1,"J","J","estimated value due to lab error",2021-10-27
"SCRN_ALLEG-CO1","02-GVAL-12.3","N","02-GVAL-12.3-09152021-W","R2109606","magnesium",2021-09-15 10:00:00,"7439-95-4","T",2600,"ug/l","E200.7",68,"ug/l",1000,"","A","",2021-10-27
"SCRN_ALLEG-CO1","02-GVAL-12.3","N","02-GVAL-12.3-09152021-W","R2109606","nickel",2021-09-15 10:00:00,"7440-02-0","T",0.59,"ug/l","E200.8",0.46,"ug/l",1,"J","J","estimated value due to lab error",2021-10-27
"SCRN_ALLEG-CO1","02-GVAL-12.3","N","02-GVAL-12.3-09152021-W","R2109606","nitrate+nitrite as nitrogen",2021-09-15 10:00:00,"NO3NO2N","T",0.0682,"mg/l","E353.2",0.0015,"mg/l",0.002,"","A","",2021-10-27
"SCRN_ALLEG-CO1","02-GVAL-12.3","N","02-GVAL-12.3-09152021-W","R2109606","nitrogen",2021-09-15 10:00:00,"7727-37-9","T",0.49,"mg/l","Calculation",NA,"mg/l",0.1,"","R","Equipment Blank error",2021-10-27
"SCRN_ALLEG-CO1","02-GVAL-12.3","N","02-GVAL-12.3-09152021-W","R2109606","nitrogen, ammonia (as n)",2021-09-15 10:00:00,"7664-41-7","T",NA,"mg/l","E350.1",0.003,"mg/l",0.01,"U","U","Analyte was analyzed for but not detected",2021-10-27
"SCRN_ALLEG-CO1","02-GVAL-12.3","N","02-GVAL-12.3-09152021-W","R2109606","nitrogen, kjeldahl, total",2021-09-15 10:00:00,"KN","T",0.42,"mg/l","E351.2",0.1,"mg/l",0.1,"","R","Equipment Blank error",2021-10-27
"SCRN_ALLEG-CO1","02-GVAL-12.3","N","02-GVAL-12.3-09152021-W","R2109606","nitrogen, nitrate (as n)",2021-09-15 10:00:00,"14797-55-8","T",0.068,"mg/l","Calculation",NA,"mg/l",0.01,"","A","",2021-10-27
"SCRN_ALLEG-CO1","02-GVAL-12.3","N","02-GVAL-12.3-09152021-W","R2109606","nitrogen, nitrite",2021-09-15 10:00:00,"14797-65-0","T",NA,"mg/l","E353.2",0.007,"mg/l",0.01,"U","U","Analyte was analyzed for but not detected",2021-10-27
"SCRN_ALLEG-CO1","02-GVAL-12.3","N","02-GVAL-12.3-09152021-W","R2109606","phosphorus, total (as p)",2021-09-15 10:00:00,"7723-14-0","T",0.0221,"mg/l","E365.1",0.0036,"mg/l",0.005,"","A","",2021-10-27
"SCRN_ALLEG-CO1","02-GVAL-12.3","N","02-GVAL-12.3-09152021-W","R2109606","silver",2021-09-15 10:00:00,"7440-22-4","T",0.18,"ug/l","E200.8",0.042,"ug/l",1,"J","R","estimated value due to lab error ; Precision error",2021-10-27
"SCRN_ALLEG-CO1","02-GVAL-12.3","N","02-GVAL-12.3-09152021-W","R2109606","turbidity",2021-09-15 10:00:00,"TURB","T",2.9,"ntu","E180.1",0.06,"ntu",1,"","R","Equipment Blank error",2021-10-27
"SCRN_ALLEG-CO1","02-GVAL-12.3","N","02-GVAL-12.3-09152021-W","R2109606","zinc",2021-09-15 10:00:00,"7440-66-6","T",NA,"ug/l","E200.8",2.5,"ug/l",5,"U","U","Analyte was analyzed for but not detected",2021-10-27
"SCRN_ALLEG-CO1","02-GVAL-7.3","N","02-GVAL-7.3-09152021-W","R2109606","alkalinity, total (as caco3)",2021-09-15 09:00:00,"ALK","T",72.9,"mg/l","SM 2320 B",1.8,"mg/l",2,"","A","",2021-10-27
"SCRN_ALLEG-CO1","02-GVAL-7.3","N","02-GVAL-7.3-09152021-W","R2109606","aluminum",2021-09-15 09:00:00,"7429-90-5","T",54.5,"ug/l","E200.8",7.6,"ug/l",10,"","A","",2021-10-27
"SCRN_ALLEG-CO1","02-GVAL-7.3","N","02-GVAL-7.3-09152021-W","R2109606","arsenic",2021-09-15 09:00:00,"7440-38-2","T",1.1,"ug/l","E200.8",0.32,"ug/l",1,"","A","",2021-10-27
"SCRN_ALLEG-CO1","02-GVAL-7.3","N","02-GVAL-7.3-09152021-W","R2109606","cadmium",2021-09-15 09:00:00,"7440-43-9","T",NA,"ug/l","E200.8",0.38,"ug/l",1,"U","U","Analyte was analyzed for but not detected",2021-10-27
"SCRN_ALLEG-CO1","02-GVAL-7.3","N","02-GVAL-7.3-09152021-W","R2109606","calcium",2021-09-15 09:00:00,"7440-70-2","T",26100,"ug/l","E200.7",110,"ug/l",1000,"","A","",2021-10-27
"SCRN_ALLEG-CO1","02-GVAL-7.3","N","02-GVAL-7.3-09152021-W","R2109606","chloride (as cl)",2021-09-15 09:00:00,"16887-00-6","T",18.8,"mg/l","E300.0",0.5,"mg/l",2,"","A","",2021-10-27
"SCRN_ALLEG-CO1","02-GVAL-7.3","N","02-GVAL-7.3-09152021-W","R2109606","copper",2021-09-15 09:00:00,"7440-50-8","T",0.77,"ug/l","E200.8",0.66,"ug/l",1,"J","J","estimated value due to lab error",2021-10-27
"SCRN_ALLEG-CO1","02-GVAL-7.3","N","02-GVAL-7.3-09152021-W","R2109606","hardness (as caco3)",2021-09-15 09:00:00,"HARD","T",78.8,"mg/l","SM2340B",NA,"mg/l",6.62,"","A","",2021-10-27
"SCRN_ALLEG-CO1","02-GVAL-7.3","N","02-GVAL-7.3-09152021-W","R2109606","iron",2021-09-15 09:00:00,"7439-89-6","T",310,"ug/l","E200.7",20,"ug/l",100,"","A","",2021-10-27
"SCRN_ALLEG-CO1","02-GVAL-7.3","N","02-GVAL-7.3-09152021-W","R2109606","lead",2021-09-15 09:00:00,"7439-92-1","T",NA,"ug/l","E200.8",0.19,"ug/l",1,"U","U","Analyte was analyzed for but not detected",2021-10-27
"SCRN_ALLEG-CO1","02-GVAL-7.3","N","02-GVAL-7.3-09152021-W","R2109606","magnesium",2021-09-15 09:00:00,"7439-95-4","T",3340,"ug/l","E200.7",68,"ug/l",1000,"","A","",2021-10-27
"SCRN_ALLEG-CO1","02-GVAL-7.3","N","02-GVAL-7.3-09152021-W","R2109606","nickel",2021-09-15 09:00:00,"7440-02-0","T",0.66,"ug/l","E200.8",0.46,"ug/l",1,"J","J","estimated value due to lab error",2021-10-27
"SCRN_ALLEG-CO1","02-GVAL-7.3","N","02-GVAL-7.3-09152021-W","R2109606","nitrate+nitrite as nitrogen",2021-09-15 09:00:00,"NO3NO2N","T",0.276,"mg/l","E353.2",0.0015,"mg/l",0.002,"","A","",2021-10-27
"SCRN_ALLEG-CO1","02-GVAL-7.3","N","02-GVAL-7.3-09152021-W","R2109606","nitrogen",2021-09-15 09:00:00,"7727-37-9","T",0.64,"mg/l","Calculation",NA,"mg/l",0.1,"","R","Equipment Blank error",2021-10-27
"SCRN_ALLEG-CO1","02-GVAL-7.3","N","02-GVAL-7.3-09152021-W","R2109606","nitrogen, ammonia (as n)",2021-09-15 09:00:00,"7664-41-7","T",NA,"mg/l","E350.1",0.003,"mg/l",0.01,"U","U","Analyte was analyzed for but not detected",2021-10-27
"SCRN_ALLEG-CO1","02-GVAL-7.3","N","02-GVAL-7.3-09152021-W","R2109606","nitrogen, kjeldahl, total",2021-09-15 09:00:00,"KN","T",0.37,"mg/l","E351.2",0.1,"mg/l",0.1,"","R","Equipment Blank error",2021-10-27
"SCRN_ALLEG-CO1","02-GVAL-7.3","N","02-GVAL-7.3-09152021-W","R2109606","nitrogen, nitrate (as n)",2021-09-15 09:00:00,"14797-55-8","T",0.276,"mg/l","Calculation",NA,"mg/l",0.01,"","A","",2021-10-27
"SCRN_ALLEG-CO1","02-GVAL-7.3","N","02-GVAL-7.3-09152021-W","R2109606","nitrogen, nitrite",2021-09-15 09:00:00,"14797-65-0","T",NA,"mg/l","E353.2",0.007,"mg/l",0.01,"U","U","Analyte was analyzed for but not detected",2021-10-27
"SCRN_ALLEG-CO1","02-GVAL-7.3","N","02-GVAL-7.3-09152021-W","R2109606","phosphorus, total (as p)",2021-09-15 09:00:00,"7723-14-0","T",0.0219,"mg/l","E365.1",0.0036,"mg/l",0.005,"","A","",2021-10-27
"SCRN_ALLEG-CO1","02-GVAL-7.3","N","02-GVAL-7.3-09152021-W","R2109606","silver",2021-09-15 09:00:00,"7440-22-4","T",0.2,"ug/l","E200.8",0.042,"ug/l",1,"J","R","estimated value due to lab error ; Precision error",2021-10-27
"SCRN_ALLEG-CO1","02-GVAL-7.3","N","02-GVAL-7.3-09152021-W","R2109606","turbidity",2021-09-15 09:00:00,"TURB","T",2.8,"ntu","E180.1",0.06,"ntu",1,"","R","Equipment Blank error",2021-10-27
"SCRN_ALLEG-CO1","02-GVAL-7.3","N","02-GVAL-7.3-09152021-W","R2109606","zinc",2021-09-15 09:00:00,"7440-66-6","T",NA,"ug/l","E200.8",2.5,"ug/l",5,"U","U","Analyte was analyzed for but not detected",2021-10-27
"SCRN_ALLEG-CO1","02-HOYE_T9-0.3","N","02-HOYE_T9-0.3-09142021-W","R2109583","copper",2021-09-14 12:30:00,"7440-50-8","T",0.89,"ug/l","E200.8",0.66,"ug/l",1,"J","J","estimated value due to lab error",2021-10-27
"SCRN_ALLEG-CO1","02-HOYE_T9-0.3","N","02-HOYE_T9-0.3-09142021-W","R2109583","alkalinity, total (as caco3)",2021-09-14 12:30:00,"ALK","T",47.3,"mg/l","SM 2320 B",1.8,"mg/l",2,"","A","",2021-10-27
"SCRN_ALLEG-CO1","02-HOYE_T9-0.3","N","02-HOYE_T9-0.3-09142021-W","R2109583","aluminum",2021-09-14 12:30:00,"7429-90-5","T",85.4,"ug/l","E200.8",7.6,"ug/l",10,"","A","",2021-10-27
"SCRN_ALLEG-CO1","02-HOYE_T9-0.3","N","02-HOYE_T9-0.3-09142021-W","R2109583","arsenic",2021-09-14 12:30:00,"7440-38-2","T",1.4,"ug/l","E200.8",0.32,"ug/l",1,"","A","",2021-10-27
"SCRN_ALLEG-CO1","02-HOYE_T9-0.3","N","02-HOYE_T9-0.3-09142021-W","R2109583","cadmium",2021-09-14 12:30:00,"7440-43-9","T",NA,"ug/l","E200.8",0.38,"ug/l",1,"U","U","Analyte was analyzed for but not detected",2021-10-27
"SCRN_ALLEG-CO1","02-HOYE_T9-0.3","N","02-HOYE_T9-0.3-09142021-W","R2109583","calcium",2021-09-14 12:30:00,"7440-70-2","T",12800,"ug/l","E200.7",110,"ug/l",1000,"","A","",2021-10-27
"SCRN_ALLEG-CO1","02-HOYE_T9-0.3","N","02-HOYE_T9-0.3-09142021-W","R2109583","chloride (as cl)",2021-09-14 12:30:00,"16887-00-6","T",8.2,"mg/l","E300.0",0.5,"mg/l",2,"","A","",2021-10-27
"SCRN_ALLEG-CO1","02-HOYE_T9-0.3","N","02-HOYE_T9-0.3-09142021-W","R2109583","phosphorus, total (as p)",2021-09-14 12:30:00,"7723-14-0","T",0.0328,"mg/l","E365.1",0.0036,"mg/l",0.005,"","A","",2021-10-27
"SCRN_ALLEG-CO1","02-HOYE_T9-0.3","N","02-HOYE_T9-0.3-09142021-W","R2109583","silver",2021-09-14 12:30:00,"7440-22-4","T",NA,"ug/l","E200.8",0.042,"ug/l",1,"U","R","Analyte was analyzed for but not detected ; Precision error",2021-10-27
"SCRN_ALLEG-CO1","02-HOYE_T9-0.3","N","02-HOYE_T9-0.3-09142021-W","R2109583","hardness (as caco3)",2021-09-14 12:30:00,"HARD","T",48.8,"mg/l","SM2340B",NA,"mg/l",6.62,"","A","",2021-10-27
"SCRN_ALLEG-CO1","02-HOYE_T9-0.3","N","02-HOYE_T9-0.3-09142021-W","R2109583","iron",2021-09-14 12:30:00,"7439-89-6","T",795,"ug/l","E200.7",20,"ug/l",100,"","A","",2021-10-27
"SCRN_ALLEG-CO1","02-HOYE_T9-0.3","N","02-HOYE_T9-0.3-09142021-W","R2109583","lead",2021-09-14 12:30:00,"7439-92-1","T",0.26,"ug/l","E200.8",0.19,"ug/l",1,"J","J","estimated value due to lab error",2021-10-27
"SCRN_ALLEG-CO1","02-HOYE_T9-0.3","N","02-HOYE_T9-0.3-09142021-W","R2109583","magnesium",2021-09-14 12:30:00,"7439-95-4","T",4100,"ug/l","E200.7",68,"ug/l",1000,"","A","",2021-10-27
"SCRN_ALLEG-CO1","02-HOYE_T9-0.3","N","02-HOYE_T9-0.3-09142021-W","R2109583","nickel",2021-09-14 12:30:00,"7440-02-0","T",0.66,"ug/l","E200.8",0.46,"ug/l",1,"J","J","estimated value due to lab error",2021-10-27
"SCRN_ALLEG-CO1","02-HOYE_T9-0.3","N","02-HOYE_T9-0.3-09142021-W","R2109583","nitrate+nitrite as nitrogen",2021-09-14 12:30:00,"NO3NO2N","T",0.062,"mg/l","E353.2",0.0015,"mg/l",0.002,"","A","",2021-10-27
"SCRN_ALLEG-CO1","02-HOYE_T9-0.3","N","02-HOYE_T9-0.3-09142021-W","R2109583","nitrogen",2021-09-14 12:30:00,"7727-37-9","T",0.33,"mg/l","Calculation",NA,"mg/l",0.1,"","R","Equipment Blank error",2021-10-27
"SCRN_ALLEG-CO1","02-HOYE_T9-0.3","N","02-HOYE_T9-0.3-09142021-W","R2109583","nitrogen, ammonia (as n)",2021-09-14 12:30:00,"7664-41-7","T",0.018,"mg/l","E350.1",0.003,"mg/l",0.01,"","A","",2021-10-27
"SCRN_ALLEG-CO1","02-HOYE_T9-0.3","N","02-HOYE_T9-0.3-09142021-W","R2109583","nitrogen, kjeldahl, total",2021-09-14 12:30:00,"KN","T",0.27,"mg/l","E351.2",0.1,"mg/l",0.1,"","R","Equipment Blank error",2021-10-27
"SCRN_ALLEG-CO1","02-HOYE_T9-0.3","N","02-HOYE_T9-0.3-09142021-W","R2109583","nitrogen, nitrate (as n)",2021-09-14 12:30:00,"14797-55-8","T",0.062,"mg/l","Calculation",NA,"mg/l",0.01,"","R","calculated parameter_see components",2021-10-27
"SCRN_ALLEG-CO1","02-HOYE_T9-0.3","N","02-HOYE_T9-0.3-09142021-W","R2109583","nitrogen, nitrite",2021-09-14 12:30:00,"14797-65-0","T",NA,"mg/l","E353.2",0.007,"mg/l",0.01,"U","R","Analyte was analyzed for but not detected ; Holding Time error",2021-10-27
"SCRN_ALLEG-CO1","02-HOYE_T9-0.3","N","02-HOYE_T9-0.3-09142021-W","R2109583","turbidity",2021-09-14 12:30:00,"TURB","T",5.8,"ntu","E180.1",0.06,"ntu",1,"","A","",2021-10-27
"SCRN_ALLEG-CO1","02-HOYE_T9-0.3","N","02-HOYE_T9-0.3-09142021-W","R2109583","zinc",2021-09-14 12:30:00,"7440-66-6","T",NA,"ug/l","E200.8",2.5,"ug/l",5,"U","U","Analyte was analyzed for but not detected",2021-10-27
"SCRN_ALLEG-CO1","02-LGEN-3.6","N","02-LGEN-3.6-09142021-W","R2109583","nickel",2021-09-14 15:00:00,"7440-02-0","T",0.98,"ug/l","E200.8",0.46,"ug/l",1,"J","J","estimated value due to lab error",2021-10-27
"SCRN_ALLEG-CO1","02-LGEN-3.6","N","02-LGEN-3.6-09142021-W","R2109583","nitrate+nitrite as nitrogen",2021-09-14 15:00:00,"NO3NO2N","T",0.141,"mg/l","E353.2",0.0015,"mg/l",0.002,"","A","",2021-10-27
"SCRN_ALLEG-CO1","02-LGEN-3.6","N","02-LGEN-3.6-09142021-W","R2109583","nitrogen, kjeldahl, total",2021-09-14 15:00:00,"KN","T",0.33,"mg/l","E351.2",0.1,"mg/l",0.1,"","R","Equipment Blank error",2021-10-27
"SCRN_ALLEG-CO1","02-LGEN-3.6","N","02-LGEN-3.6-09142021-W","R2109583","nitrogen, nitrate (as n)",2021-09-14 15:00:00,"14797-55-8","T",0.141,"mg/l","Calculation",NA,"mg/l",0.01,"","R","calculated parameter_see components",2021-10-27
"SCRN_ALLEG-CO1","02-LGEN-3.6","N","02-LGEN-3.6-09142021-W","R2109583","nitrogen, nitrite",2021-09-14 15:00:00,"14797-65-0","T",NA,"mg/l","E353.2",0.007,"mg/l",0.01,"U","R","Analyte was analyzed for but not detected ; Holding Time error",2021-10-27
"SCRN_ALLEG-CO1","02-LGEN-3.6","N","02-LGEN-3.6-09142021-W","R2109583","phosphorus, total (as p)",2021-09-14 15:00:00,"7723-14-0","T",0.0592,"mg/l","E365.1",0.0036,"mg/l",0.005,"","A","",2021-10-27
"SCRN_ALLEG-CO1","02-LGEN-3.6","N","02-LGEN-3.6-09142021-W","R2109583","silver",2021-09-14 15:00:00,"7440-22-4","T",NA,"ug/l","E200.8",0.042,"ug/l",1,"U","R","Analyte was analyzed for but not detected ; Precision error",2021-10-27
"SCRN_ALLEG-CO1","02-LGEN-3.6","N","02-LGEN-3.6-09142021-W","R2109583","turbidity",2021-09-14 15:00:00,"TURB","T",6.1,"ntu","E180.1",0.06,"ntu",1,"","A","",2021-10-27
"SCRN_ALLEG-CO1","02-LGEN-3.6","N","02-LGEN-3.6-09142021-W","R2109583","zinc",2021-09-14 15:00:00,"7440-66-6","T",3.6,"ug/l","E200.8",2.5,"ug/l",5,"J","J","estimated value due to lab error",2021-10-27
"SCRN_ALLEG-CO1","02-LGEN-3.6","N","02-LGEN-3.6-09142021-W","R2109583","hardness (as caco3)",2021-09-14 15:00:00,"HARD","T",60.9,"mg/l","SM2340B",NA,"mg/l",6.62,"","A","",2021-10-27
"SCRN_ALLEG-CO1","02-LGEN-3.6","N","02-LGEN-3.6-09142021-W","R2109583","iron",2021-09-14 15:00:00,"7439-89-6","T",771,"ug/l","E200.7",20,"ug/l",100,"","A","",2021-10-27
"SCRN_ALLEG-CO1","02-LGEN-3.6","N","02-LGEN-3.6-09142021-W","R2109583","lead",2021-09-14 15:00:00,"7439-92-1","T",0.47,"ug/l","E200.8",0.19,"ug/l",1,"J","J","estimated value due to lab error",2021-10-27
"SCRN_ALLEG-CO1","02-LGEN-3.6","N","02-LGEN-3.6-09142021-W","R2109583","magnesium",2021-09-14 15:00:00,"7439-95-4","T",4520,"ug/l","E200.7",68,"ug/l",1000,"","A","",2021-10-27
"SCRN_ALLEG-CO1","02-LGEN-3.6","N","02-LGEN-3.6-09142021-W","R2109583","nitrogen",2021-09-14 15:00:00,"7727-37-9","T",0.47,"mg/l","Calculation",NA,"mg/l",0.1,"","T","low confidence in value due to Equipment Blank error",2021-10-27
"SCRN_ALLEG-CO1","02-LGEN-3.6","N","02-LGEN-3.6-09142021-W","R2109583","nitrogen, ammonia (as n)",2021-09-14 15:00:00,"7664-41-7","T",0.031,"mg/l","E350.1",0.003,"mg/l",0.01,"","A","",2021-10-27
"SCRN_ALLEG-CO1","02-LGEN-3.6","N","02-LGEN-3.6-09142021-W","R2109583","alkalinity, total (as caco3)",2021-09-14 15:00:00,"ALK","T",59.9,"mg/l","SM 2320 B",1.8,"mg/l",2,"","A","",2021-10-27
"SCRN_ALLEG-CO1","02-LGEN-3.6","N","02-LGEN-3.6-09142021-W","R2109583","aluminum",2021-09-14 15:00:00,"7429-90-5","T",115,"ug/l","E200.8",7.6,"ug/l",10,"","A","",2021-10-27
"SCRN_ALLEG-CO1","02-LGEN-3.6","N","02-LGEN-3.6-09142021-W","R2109583","arsenic",2021-09-14 15:00:00,"7440-38-2","T",1.6,"ug/l","E200.8",0.32,"ug/l",1,"","A","",2021-10-27
"SCRN_ALLEG-CO1","02-LGEN-3.6","N","02-LGEN-3.6-09142021-W","R2109583","cadmium",2021-09-14 15:00:00,"7440-43-9","T",NA,"ug/l","E200.8",0.38,"ug/l",1,"U","U","Analyte was analyzed for but not detected",2021-10-27
"SCRN_ALLEG-CO1","02-LGEN-3.6","N","02-LGEN-3.6-09142021-W","R2109583","calcium",2021-09-14 15:00:00,"7440-70-2","T",16900,"ug/l","E200.7",110,"ug/l",1000,"","A","",2021-10-27
"SCRN_ALLEG-CO1","02-LGEN-3.6","N","02-LGEN-3.6-09142021-W","R2109583","chloride (as cl)",2021-09-14 15:00:00,"16887-00-6","T",25.5,"mg/l","E300.0",0.5,"mg/l",2,"","A","",2021-10-27
"SCRN_ALLEG-CO1","02-LGEN-3.6","N","02-LGEN-3.6-09142021-W","R2109583","copper",2021-09-14 15:00:00,"7440-50-8","T",1.6,"ug/l","E200.8",0.66,"ug/l",1,"","A","",2021-10-27
"SCRN_ALLEG-CO1","02-LGEN-6.2","N","02-LGEN-6.2-09142021-W","R2109583","alkalinity, total (as caco3)",2021-09-14 14:15:00,"ALK","T",69,"mg/l","SM 2320 B",1.8,"mg/l",2,"","A","",2021-10-27
"SCRN_ALLEG-CO1","02-LGEN-6.2","N","02-LGEN-6.2-09142021-W","R2109583","aluminum",2021-09-14 14:15:00,"7429-90-5","T",38,"ug/l","E200.8",7.6,"ug/l",10,"","A","",2021-10-27
"SCRN_ALLEG-CO1","02-LGEN-6.2","N","02-LGEN-6.2-09142021-W","R2109583","arsenic",2021-09-14 14:15:00,"7440-38-2","T",1.3,"ug/l","E200.8",0.32,"ug/l",1,"","A","",2021-10-27
"SCRN_ALLEG-CO1","02-LGEN-6.2","N","02-LGEN-6.2-09142021-W","R2109583","cadmium",2021-09-14 14:15:00,"7440-43-9","T",NA,"ug/l","E200.8",0.38,"ug/l",1,"U","U","Analyte was analyzed for but not detected",2021-10-27
"SCRN_ALLEG-CO1","02-LGEN-6.2","N","02-LGEN-6.2-09142021-W","R2109583","nitrogen, nitrate (as n)",2021-09-14 14:15:00,"14797-55-8","T",0.183,"mg/l","Calculation",NA,"mg/l",0.01,"","R","calculated parameter_see components",2021-10-27
"SCRN_ALLEG-CO1","02-LGEN-6.2","N","02-LGEN-6.2-09142021-W","R2109583","calcium",2021-09-14 14:15:00,"7440-70-2","T",18700,"ug/l","E200.7",110,"ug/l",1000,"","A","",2021-10-27
"SCRN_ALLEG-CO1","02-LGEN-6.2","N","02-LGEN-6.2-09142021-W","R2109583","chloride (as cl)",2021-09-14 14:15:00,"16887-00-6","T",30.4,"mg/l","E300.0",0.5,"mg/l",2,"","A","",2021-10-27
"SCRN_ALLEG-CO1","02-LGEN-6.2","N","02-LGEN-6.2-09142021-W","R2109583","copper",2021-09-14 14:15:00,"7440-50-8","T",1.8,"ug/l","E200.8",0.66,"ug/l",1,"","A","",2021-10-27
"SCRN_ALLEG-CO1","02-LGEN-6.2","N","02-LGEN-6.2-09142021-W","R2109583","hardness (as caco3)",2021-09-14 14:15:00,"HARD","T",66.8,"mg/l","SM2340B",NA,"mg/l",6.62,"","A","",2021-10-27
"SCRN_ALLEG-CO1","02-LGEN-6.2","N","02-LGEN-6.2-09142021-W","R2109583","iron",2021-09-14 14:15:00,"7439-89-6","T",456,"ug/l","E200.7",20,"ug/l",100,"","A","",2021-10-27
"SCRN_ALLEG-CO1","02-LGEN-6.2","N","02-LGEN-6.2-09142021-W","R2109583","lead",2021-09-14 14:15:00,"7439-92-1","T",NA,"ug/l","E200.8",0.19,"ug/l",1,"U","U","Analyte was analyzed for but not detected",2021-10-27
"SCRN_ALLEG-CO1","02-LGEN-6.2","N","02-LGEN-6.2-09142021-W","R2109583","magnesium",2021-09-14 14:15:00,"7439-95-4","T",4850,"ug/l","E200.7",68,"ug/l",1000,"","A","",2021-10-27
"SCRN_ALLEG-CO1","02-LGEN-6.2","N","02-LGEN-6.2-09142021-W","R2109583","nickel",2021-09-14 14:15:00,"7440-02-0","T",0.98,"ug/l","E200.8",0.46,"ug/l",1,"J","J","estimated value due to lab error",2021-10-27
"SCRN_ALLEG-CO1","02-LGEN-6.2","N","02-LGEN-6.2-09142021-W","R2109583","nitrate+nitrite as nitrogen",2021-09-14 14:15:00,"NO3NO2N","T",0.183,"mg/l","E353.2",0.0015,"mg/l",0.002,"","A","",2021-10-27
"SCRN_ALLEG-CO1","02-LGEN-6.2","N","02-LGEN-6.2-09142021-W","R2109583","nitrogen",2021-09-14 14:15:00,"7727-37-9","T",0.49,"mg/l","Calculation",NA,"mg/l",0.1,"","T","low confidence in value due to Equipment Blank error",2021-10-27
"SCRN_ALLEG-CO1","02-LGEN-6.2","N","02-LGEN-6.2-09142021-W","R2109583","nitrogen, ammonia (as n)",2021-09-14 14:15:00,"7664-41-7","T",0.023,"mg/l","E350.1",0.003,"mg/l",0.01,"","A","",2021-10-27
"SCRN_ALLEG-CO1","02-LGEN-6.2","N","02-LGEN-6.2-09142021-W","R2109583","nitrogen, kjeldahl, total",2021-09-14 14:15:00,"KN","T",0.31,"mg/l","E351.2",0.1,"mg/l",0.1,"","R","Equipment Blank error",2021-10-27
"SCRN_ALLEG-CO1","02-LGEN-6.2","N","02-LGEN-6.2-09142021-W","R2109583","turbidity",2021-09-14 14:15:00,"TURB","T",2.8,"ntu","E180.1",0.06,"ntu",1,"","A","",2021-10-27
"SCRN_ALLEG-CO1","02-LGEN-6.2","N","02-LGEN-6.2-09142021-W","R2109583","nitrogen, nitrite",2021-09-14 14:15:00,"14797-65-0","T",NA,"mg/l","E353.2",0.007,"mg/l",0.01,"U","R","Analyte was analyzed for but not detected ; Holding Time error",2021-10-27
"SCRN_ALLEG-CO1","02-LGEN-6.2","N","02-LGEN-6.2-09142021-W","R2109583","phosphorus, total (as p)",2021-09-14 14:15:00,"7723-14-0","T",0.0692,"mg/l","E365.1",0.0036,"mg/l",0.005,"","A","",2021-10-27
"SCRN_ALLEG-CO1","02-LGEN-6.2","N","02-LGEN-6.2-09142021-W","R2109583","silver",2021-09-14 14:15:00,"7440-22-4","T",NA,"ug/l","E200.8",0.042,"ug/l",1,"U","R","Analyte was analyzed for but not detected ; Precision error",2021-10-27
"SCRN_ALLEG-CO1","02-LGEN-6.2","N","02-LGEN-6.2-09142021-W","R2109583","zinc",2021-09-14 14:15:00,"7440-66-6","T",NA,"ug/l","E200.8",2.5,"ug/l",5,"U","U","Analyte was analyzed for but not detected",2021-10-27
"SCRN_ALLEG-CO1","02-LGEN-7.0","N","02-LGEN-7.0-09142021-W","R2109583","iron",2021-09-14 13:45:00,"7439-89-6","T",515,"ug/l","E200.7",20,"ug/l",100,"","A","",2021-10-27
"SCRN_ALLEG-CO1","02-LGEN-7.0","N","02-LGEN-7.0-09142021-W","R2109583","nitrogen, ammonia (as n)",2021-09-14 13:45:00,"7664-41-7","T",0.018,"mg/l","E350.1",0.003,"mg/l",0.01,"","A","",2021-10-27
"SCRN_ALLEG-CO1","02-LGEN-7.0","N","02-LGEN-7.0-09142021-W","R2109583","nitrogen, kjeldahl, total",2021-09-14 13:45:00,"KN","T",0.26,"mg/l","E351.2",0.1,"mg/l",0.1,"","R","Equipment Blank error",2021-10-27
"SCRN_ALLEG-CO1","02-LGEN-7.0","N","02-LGEN-7.0-09142021-W","R2109583","nitrogen, nitrate (as n)",2021-09-14 13:45:00,"14797-55-8","T",0.065,"mg/l","Calculation",NA,"mg/l",0.01,"","R","calculated parameter_see components",2021-10-27
"SCRN_ALLEG-CO1","02-LGEN-7.0","N","02-LGEN-7.0-09142021-W","R2109583","nitrogen, nitrite",2021-09-14 13:45:00,"14797-65-0","T",NA,"mg/l","E353.2",0.007,"mg/l",0.01,"U","R","Analyte was analyzed for but not detected ; Holding Time error",2021-10-27
"SCRN_ALLEG-CO1","02-LGEN-7.0","N","02-LGEN-7.0-09142021-W","R2109583","phosphorus, total (as p)",2021-09-14 13:45:00,"7723-14-0","T",0.0298,"mg/l","E365.1",0.0036,"mg/l",0.005,"","A","",2021-10-27
"SCRN_ALLEG-CO1","02-LGEN-7.0","N","02-LGEN-7.0-09142021-W","R2109583","silver",2021-09-14 13:45:00,"7440-22-4","T",NA,"ug/l","E200.8",0.042,"ug/l",1,"U","R","Analyte was analyzed for but not detected ; Precision error",2021-10-27
"SCRN_ALLEG-CO1","02-LGEN-7.0","N","02-LGEN-7.0-09142021-W","R2109583","turbidity",2021-09-14 13:45:00,"TURB","T",2.5,"ntu","E180.1",0.06,"ntu",1,"","A","",2021-10-27
"SCRN_ALLEG-CO1","02-LGEN-7.0","N","02-LGEN-7.0-09142021-W","R2109583","zinc",2021-09-14 13:45:00,"7440-66-6","T",NA,"ug/l","E200.8",2.5,"ug/l",5,"U","U","Analyte was analyzed for but not detected",2021-10-27
"SCRN_ALLEG-CO1","02-LGEN-7.0","N","02-LGEN-7.0-09142021-W","R2109583","lead",2021-09-14 13:45:00,"7439-92-1","T",NA,"ug/l","E200.8",0.19,"ug/l",1,"U","U","Analyte was analyzed for but not detected",2021-10-27
"SCRN_ALLEG-CO1","02-LGEN-7.0","N","02-LGEN-7.0-09142021-W","R2109583","magnesium",2021-09-14 13:45:00,"7439-95-4","T",4380,"ug/l","E200.7",68,"ug/l",1000,"","A","",2021-10-27
"SCRN_ALLEG-CO1","02-LGEN-7.0","N","02-LGEN-7.0-09142021-W","R2109583","nickel",2021-09-14 13:45:00,"7440-02-0","T",0.65,"ug/l","E200.8",0.46,"ug/l",1,"J","J","estimated value due to lab error",2021-10-27
"SCRN_ALLEG-CO1","02-LGEN-7.0","N","02-LGEN-7.0-09142021-W","R2109583","nitrate+nitrite as nitrogen",2021-09-14 13:45:00,"NO3NO2N","T",0.0652,"mg/l","E353.2",0.0015,"mg/l",0.002,"","A","",2021-10-27
"SCRN_ALLEG-CO1","02-LGEN-7.0","N","02-LGEN-7.0-09142021-W","R2109583","nitrogen",2021-09-14 13:45:00,"7727-37-9","T",0.32,"mg/l","Calculation",NA,"mg/l",0.1,"","R","Equipment Blank error",2021-10-27
"SCRN_ALLEG-CO1","02-LGEN-7.0","N","02-LGEN-7.0-09142021-W","R2109583","alkalinity, total (as caco3)",2021-09-14 13:45:00,"ALK","T",60.8,"mg/l","SM 2320 B",1.8,"mg/l",2,"","A","",2021-10-27
"SCRN_ALLEG-CO1","02-LGEN-7.0","N","02-LGEN-7.0-09142021-W","R2109583","aluminum",2021-09-14 13:45:00,"7429-90-5","T",35,"ug/l","E200.8",7.6,"ug/l",10,"","A","",2021-10-27
"SCRN_ALLEG-CO1","02-LGEN-7.0","N","02-LGEN-7.0-09142021-W","R2109583","arsenic",2021-09-14 13:45:00,"7440-38-2","T",0.94,"ug/l","E200.8",0.32,"ug/l",1,"J","J","estimated value due to lab error",2021-10-27
"SCRN_ALLEG-CO1","02-LGEN-7.0","N","02-LGEN-7.0-09142021-W","R2109583","cadmium",2021-09-14 13:45:00,"7440-43-9","T",NA,"ug/l","E200.8",0.38,"ug/l",1,"U","U","Analyte was analyzed for but not detected",2021-10-27
"SCRN_ALLEG-CO1","02-LGEN-7.0","N","02-LGEN-7.0-09142021-W","R2109583","calcium",2021-09-14 13:45:00,"7440-70-2","T",17300,"ug/l","E200.7",110,"ug/l",1000,"","A","",2021-10-27
"SCRN_ALLEG-CO1","02-LGEN-7.0","N","02-LGEN-7.0-09142021-W","R2109583","chloride (as cl)",2021-09-14 13:45:00,"16887-00-6","T",25.2,"mg/l","E300.0",0.5,"mg/l",2,"","A","",2021-10-27
"SCRN_ALLEG-CO1","02-LGEN-7.0","N","02-LGEN-7.0-09142021-W","R2109583","copper",2021-09-14 13:45:00,"7440-50-8","T",1.1,"ug/l","E200.8",0.66,"ug/l",1,"","A","",2021-10-27
"SCRN_ALLEG-CO1","02-LGEN-7.0","N","02-LGEN-7.0-09142021-W","R2109583","hardness (as caco3)",2021-09-14 13:45:00,"HARD","T",61.3,"mg/l","SM2340B",NA,"mg/l",6.62,"","A","",2021-10-27
"SCRN_ALLEG-CO1","02-LVAL-5.7","N","02-LVAL-5.7-09152021-W","R2109606","copper",2021-09-15 12:00:00,"7440-50-8","T",1.2,"ug/l","E200.8",0.66,"ug/l",1,"","A","",2021-10-27
"SCRN_ALLEG-CO1","02-LVAL-5.7","N","02-LVAL-5.7-09152021-W","R2109606","hardness (as caco3)",2021-09-15 12:00:00,"HARD","T",56,"mg/l","SM2340B",NA,"mg/l",6.62,"","A","",2021-10-27
"SCRN_ALLEG-CO1","02-LVAL-5.7","N","02-LVAL-5.7-09152021-W","R2109606","iron",2021-09-15 12:00:00,"7439-89-6","T",225,"ug/l","E200.7",20,"ug/l",100,"","A","",2021-10-27
"SCRN_ALLEG-CO1","02-LVAL-5.7","N","02-LVAL-5.7-09152021-W","R2109606","lead",2021-09-15 12:00:00,"7439-92-1","T",NA,"ug/l","E200.8",0.19,"ug/l",1,"U","U","Analyte was analyzed for but not detected",2021-10-27
"SCRN_ALLEG-CO1","02-LVAL-5.7","N","02-LVAL-5.7-09152021-W","R2109606","magnesium",2021-09-15 12:00:00,"7439-95-4","T",2560,"ug/l","E200.7",68,"ug/l",1000,"","A","",2021-10-27
"SCRN_ALLEG-CO1","02-LVAL-5.7","N","02-LVAL-5.7-09152021-W","R2109606","nickel",2021-09-15 12:00:00,"7440-02-0","T",0.59,"ug/l","E200.8",0.46,"ug/l",1,"J","J","estimated value due to lab error",2021-10-27
"SCRN_ALLEG-CO1","02-LVAL-5.7","N","02-LVAL-5.7-09152021-W","R2109606","nitrate+nitrite as nitrogen",2021-09-15 12:00:00,"NO3NO2N","T",0.131,"mg/l","E353.2",0.0015,"mg/l",0.002,"","A","",2021-10-27
"SCRN_ALLEG-CO1","02-LVAL-5.7","N","02-LVAL-5.7-09152021-W","R2109606","alkalinity, total (as caco3)",2021-09-15 12:00:00,"ALK","T",52.1,"mg/l","SM 2320 B",1.8,"mg/l",2,"","A","",2021-10-27
"SCRN_ALLEG-CO1","02-LVAL-5.7","N","02-LVAL-5.7-09152021-W","R2109606","aluminum",2021-09-15 12:00:00,"7429-90-5","T",44.9,"ug/l","E200.8",7.6,"ug/l",10,"","A","",2021-10-27
"SCRN_ALLEG-CO1","02-LVAL-5.7","N","02-LVAL-5.7-09152021-W","R2109606","arsenic",2021-09-15 12:00:00,"7440-38-2","T",0.77,"ug/l","E200.8",0.32,"ug/l",1,"J","J","estimated value due to lab error",2021-10-27
"SCRN_ALLEG-CO1","02-LVAL-5.7","N","02-LVAL-5.7-09152021-W","R2109606","cadmium",2021-09-15 12:00:00,"7440-43-9","T",NA,"ug/l","E200.8",0.38,"ug/l",1,"U","U","Analyte was analyzed for but not detected",2021-10-27
"SCRN_ALLEG-CO1","02-LVAL-5.7","N","02-LVAL-5.7-09152021-W","R2109606","calcium",2021-09-15 12:00:00,"7440-70-2","T",18200,"ug/l","E200.7",110,"ug/l",1000,"","A","",2021-10-27
"SCRN_ALLEG-CO1","02-LVAL-5.7","N","02-LVAL-5.7-09152021-W","R2109606","chloride (as cl)",2021-09-15 12:00:00,"16887-00-6","T",14.3,"mg/l","E300.0",0.5,"mg/l",2,"","A","",2021-10-27
"SCRN_ALLEG-CO1","02-LVAL-5.7","N","02-LVAL-5.7-09152021-W","R2109606","nitrogen",2021-09-15 12:00:00,"7727-37-9","T",0.67,"mg/l","Calculation",NA,"mg/l",0.1,"","R","Equipment Blank error",2021-10-27
"SCRN_ALLEG-CO1","02-LVAL-5.7","N","02-LVAL-5.7-09152021-W","R2109606","phosphorus, total (as p)",2021-09-15 12:00:00,"7723-14-0","T",0.0358,"mg/l","E365.1",0.0036,"mg/l",0.005,"","A","",2021-10-27
"SCRN_ALLEG-CO1","02-LVAL-5.7","N","02-LVAL-5.7-09152021-W","R2109606","silver",2021-09-15 12:00:00,"7440-22-4","T",0.24,"ug/l","E200.8",0.042,"ug/l",1,"J","R","estimated value due to lab error ; Precision error",2021-10-27
"SCRN_ALLEG-CO1","02-LVAL-5.7","N","02-LVAL-5.7-09152021-W","R2109606","turbidity",2021-09-15 12:00:00,"TURB","T",1.7,"ntu","E180.1",0.06,"ntu",1,"","R","Equipment Blank error",2021-10-27
"SCRN_ALLEG-CO1","02-LVAL-5.7","N","02-LVAL-5.7-09152021-W","R2109606","zinc",2021-09-15 12:00:00,"7440-66-6","T",NA,"ug/l","E200.8",2.5,"ug/l",5,"U","U","Analyte was analyzed for but not detected",2021-10-27
"SCRN_ALLEG-CO1","02-LVAL-5.7","N","02-LVAL-5.7-09152021-W","R2109606","nitrogen, nitrite",2021-09-15 12:00:00,"14797-65-0","T",NA,"mg/l","E353.2",0.007,"mg/l",0.01,"U","U","Analyte was analyzed for but not detected",2021-10-27
"SCRN_ALLEG-CO1","02-LVAL-5.7","N","02-LVAL-5.7-09152021-W","R2109606","nitrogen, ammonia (as n)",2021-09-15 12:00:00,"7664-41-7","T",NA,"mg/l","E350.1",0.003,"mg/l",0.01,"U","U","Analyte was analyzed for but not detected",2021-10-27
"SCRN_ALLEG-CO1","02-LVAL-5.7","N","02-LVAL-5.7-09152021-W","R2109606","nitrogen, kjeldahl, total",2021-09-15 12:00:00,"KN","T",0.54,"mg/l","E351.2",0.1,"mg/l",0.1,"","R","Equipment Blank error",2021-10-27
"SCRN_ALLEG-CO1","02-LVAL-5.7","N","02-LVAL-5.7-09152021-W","R2109606","nitrogen, nitrate (as n)",2021-09-15 12:00:00,"14797-55-8","T",0.131,"mg/l","Calculation",NA,"mg/l",0.01,"","A","",2021-10-27
"SCRN_ALLEG-CO1","02-MUDC-0.4","N","02-MUDC-0.4-09162021-W","R2109607","nickel",2021-09-16 10:00:00,"7440-02-0","T",1,"ug/l","E200.8",0.46,"ug/l",1,"J","J","estimated value due to lab error",2021-10-27
"SCRN_ALLEG-CO1","02-MUDC-0.4","N","02-MUDC-0.4-09162021-W","R2109607","nitrate+nitrite as nitrogen",2021-09-16 10:00:00,"NO3NO2N","T",1.17,"mg/l","E353.2",0.0015,"mg/l",0.002,"","A","",2021-10-27
"SCRN_ALLEG-CO1","02-MUDC-0.4","N","02-MUDC-0.4-09162021-W","R2109607","nitrogen",2021-09-16 10:00:00,"7727-37-9","T",1.57,"mg/l","Calculation",NA,"mg/l",0.1,"","A","",2021-10-27
"SCRN_ALLEG-CO1","02-MUDC-0.4","N","02-MUDC-0.4-09162021-W","R2109607","nitrogen, ammonia (as n)",2021-09-16 10:00:00,"7664-41-7","T",0.042,"mg/l","E350.1",0.003,"mg/l",0.01,"","A","",2021-10-27
"SCRN_ALLEG-CO1","02-MUDC-0.4","N","02-MUDC-0.4-09162021-W","R2109607","nitrogen, kjeldahl, total",2021-09-16 10:00:00,"KN","T",0.4,"mg/l","E351.2",0.1,"mg/l",0.1,"","A","",2021-10-27
"SCRN_ALLEG-CO1","02-MUDC-0.4","N","02-MUDC-0.4-09162021-W","R2109607","nitrogen, nitrate (as n)",2021-09-16 10:00:00,"14797-55-8","T",1.16,"mg/l","Calculation",NA,"mg/l",0.01,"","A","",2021-10-27
"SCRN_ALLEG-CO1","02-MUDC-0.4","N","02-MUDC-0.4-09162021-W","R2109607","nitrogen, nitrite",2021-09-16 10:00:00,"14797-65-0","T",0.012,"mg/l","E353.2",0.007,"mg/l",0.01,"","A","",2021-10-27
"SCRN_ALLEG-CO1","02-MUDC-0.4","N","02-MUDC-0.4-09162021-W","R2109607","phosphorus, total (as p)",2021-09-16 10:00:00,"7723-14-0","T",0.0483,"mg/l","E365.1",0.0036,"mg/l",0.005,"","A","",2021-10-27
"SCRN_ALLEG-CO1","02-MUDC-0.4","N","02-MUDC-0.4-09162021-W","R2109607","silver",2021-09-16 10:00:00,"7440-22-4","T",0.091,"ug/l","E200.8",0.042,"ug/l",1,"J","R","estimated value due to lab error ; Precision error",2021-10-27
"SCRN_ALLEG-CO1","02-MUDC-0.4","N","02-MUDC-0.4-09162021-W","R2109607","turbidity",2021-09-16 10:00:00,"TURB","T",4.3,"ntu","E180.1",0.06,"ntu",1,"","A","",2021-10-27
"SCRN_ALLEG-CO1","02-MUDC-0.4","N","02-MUDC-0.4-09162021-W","R2109607","zinc",2021-09-16 10:00:00,"7440-66-6","T",NA,"ug/l","E200.8",2.5,"ug/l",5,"U","U","Analyte was analyzed for but not detected",2021-10-27
"SCRN_ALLEG-CO1","02-MUDC-0.4","N","02-MUDC-0.4-09162021-W","R2109607","magnesium",2021-09-16 10:00:00,"7439-95-4","T",7060,"ug/l","E200.7",68,"ug/l",1000,"","A","",2021-10-27
"SCRN_ALLEG-CO1","02-MUDC-0.4","N","02-MUDC-0.4-09162021-W","R2109607","cadmium",2021-09-16 10:00:00,"7440-43-9","T",NA,"ug/l","E200.8",0.38,"ug/l",1,"U","U","Analyte was analyzed for but not detected",2021-10-27
"SCRN_ALLEG-CO1","02-MUDC-0.4","N","02-MUDC-0.4-09162021-W","R2109607","alkalinity, total (as caco3)",2021-09-16 10:00:00,"ALK","T",132,"mg/l","SM 2320 B",1.8,"mg/l",2,"","A","",2021-10-27
"SCRN_ALLEG-CO1","02-MUDC-0.4","N","02-MUDC-0.4-09162021-W","R2109607","aluminum",2021-09-16 10:00:00,"7429-90-5","T",116,"ug/l","E200.8",7.6,"ug/l",10,"","A","",2021-10-27
"SCRN_ALLEG-CO1","02-MUDC-0.4","N","02-MUDC-0.4-09162021-W","R2109607","arsenic",2021-09-16 10:00:00,"7440-38-2","T",1,"ug/l","E200.8",0.32,"ug/l",1,"","A","",2021-10-27
"SCRN_ALLEG-CO1","02-MUDC-0.4","N","02-MUDC-0.4-09162021-W","R2109607","calcium",2021-09-16 10:00:00,"7440-70-2","T",45600,"ug/l","E200.7",110,"ug/l",1000,"","A","",2021-10-27
"SCRN_ALLEG-CO1","02-MUDC-0.4","N","02-MUDC-0.4-09162021-W","R2109607","chloride (as cl)",2021-09-16 10:00:00,"16887-00-6","T",15.5,"mg/l","E300.0",0.5,"mg/l",2,"","A","",2021-10-27
"SCRN_ALLEG-CO1","02-MUDC-0.4","N","02-MUDC-0.4-09162021-W","R2109607","copper",2021-09-16 10:00:00,"7440-50-8","T",2,"ug/l","E200.8",0.66,"ug/l",1,"","A","",2021-10-27
"SCRN_ALLEG-CO1","02-MUDC-0.4","N","02-MUDC-0.4-09162021-W","R2109607","hardness (as caco3)",2021-09-16 10:00:00,"HARD","T",143,"mg/l","SM2340B",NA,"mg/l",6.62,"","A","",2021-10-27
"SCRN_ALLEG-CO1","02-MUDC-0.4","N","02-MUDC-0.4-09162021-W","R2109607","iron",2021-09-16 10:00:00,"7439-89-6","T",604,"ug/l","E200.7",20,"ug/l",100,"","A","",2021-10-27
"SCRN_ALLEG-CO1","02-MUDC-0.4","N","02-MUDC-0.4-09162021-W","R2109607","lead",2021-09-16 10:00:00,"7439-92-1","T",0.22,"ug/l","E200.8",0.19,"ug/l",1,"J","J","estimated value due to lab error",2021-10-27
"SCRN_ALLEG-CO1","02-WANG-20.9","N","02-WANG-20.9-09152021-W","R2109606","alkalinity, total (as caco3)",2021-09-15 15:30:00,"ALK","T",92.2,"mg/l","SM 2320 B",1.8,"mg/l",2,"","A","",2021-10-27
"SCRN_ALLEG-CO1","02-WANG-20.9","N","02-WANG-20.9-09152021-W","R2109606","aluminum",2021-09-15 15:30:00,"7429-90-5","T",921,"ug/l","E200.8",152,"ug/l",200,"","A","",2021-10-27
"SCRN_ALLEG-CO1","02-WANG-20.9","N","02-WANG-20.9-09152021-W","R2109606","arsenic",2021-09-15 15:30:00,"7440-38-2","T",1.9,"ug/l","E200.8",0.32,"ug/l",1,"","A","",2021-10-27
"SCRN_ALLEG-CO1","02-WANG-20.9","N","02-WANG-20.9-09152021-W","R2109606","cadmium",2021-09-15 15:30:00,"7440-43-9","T",NA,"ug/l","E200.8",0.38,"ug/l",1,"U","U","Analyte was analyzed for but not detected",2021-10-27
"SCRN_ALLEG-CO1","02-WANG-20.9","N","02-WANG-20.9-09152021-W","R2109606","calcium",2021-09-15 15:30:00,"7440-70-2","T",30000,"ug/l","E200.7",110,"ug/l",1000,"","A","",2021-10-27
"SCRN_ALLEG-CO1","02-WANG-20.9","N","02-WANG-20.9-09152021-W","R2109606","chloride (as cl)",2021-09-15 15:30:00,"16887-00-6","T",13.8,"mg/l","E300.0",0.5,"mg/l",2,"","A","",2021-10-27
"SCRN_ALLEG-CO1","02-WANG-20.9","N","02-WANG-20.9-09152021-W","R2109606","copper",2021-09-15 15:30:00,"7440-50-8","T",2.3,"ug/l","E200.8",0.66,"ug/l",1,"","A","",2021-10-27
"SCRN_ALLEG-CO1","02-WANG-20.9","N","02-WANG-20.9-09152021-W","R2109606","hardness (as caco3)",2021-09-15 15:30:00,"HARD","T",96.4,"mg/l","SM2340B",NA,"mg/l",6.62,"","A","",2021-10-27
"SCRN_ALLEG-CO1","02-WANG-20.9","N","02-WANG-20.9-09152021-W","R2109606","iron",2021-09-15 15:30:00,"7439-89-6","T",1610,"ug/l","E200.7",20,"ug/l",100,"","A","",2021-10-27
"SCRN_ALLEG-CO1","02-WANG-20.9","N","02-WANG-20.9-09152021-W","R2109606","lead",2021-09-15 15:30:00,"7439-92-1","T",0.9,"ug/l","E200.8",0.19,"ug/l",1,"J","J","estimated value due to lab error",2021-10-27
"SCRN_ALLEG-CO1","02-WANG-20.9","N","02-WANG-20.9-09152021-W","R2109606","magnesium",2021-09-15 15:30:00,"7439-95-4","T",5190,"ug/l","E200.7",68,"ug/l",1000,"","A","",2021-10-27
"SCRN_ALLEG-CO1","02-WANG-20.9","N","02-WANG-20.9-09152021-W","R2109606","nitrogen, nitrate (as n)",2021-09-15 15:30:00,"14797-55-8","T",0.395,"mg/l","Calculation",NA,"mg/l",0.01,"","A","",2021-10-27
"SCRN_ALLEG-CO1","02-WANG-20.9","N","02-WANG-20.9-09152021-W","R2109606","nitrogen, nitrite",2021-09-15 15:30:00,"14797-65-0","T",NA,"mg/l","E353.2",0.007,"mg/l",0.01,"U","U","Analyte was analyzed for but not detected",2021-10-27
"SCRN_ALLEG-CO1","02-WANG-20.9","N","02-WANG-20.9-09152021-W","R2109606","phosphorus, total (as p)",2021-09-15 15:30:00,"7723-14-0","T",0.0883,"mg/l","E365.1",0.0036,"mg/l",0.005,"","A","",2021-10-27
"SCRN_ALLEG-CO1","02-WANG-20.9","N","02-WANG-20.9-09152021-W","R2109606","silver",2021-09-15 15:30:00,"7440-22-4","T",0.1,"ug/l","E200.8",0.042,"ug/l",1,"J","R","estimated value due to lab error ; Precision error",2021-10-27
"SCRN_ALLEG-CO1","02-WANG-20.9","N","02-WANG-20.9-09152021-W","R2109606","turbidity",2021-09-15 15:30:00,"TURB","T",36.1,"ntu","E180.1",0.06,"ntu",1,"","A","",2021-10-27
"SCRN_ALLEG-CO1","02-WANG-20.9","N","02-WANG-20.9-09152021-W","R2109606","zinc",2021-09-15 15:30:00,"7440-66-6","T",6.2,"ug/l","E200.8",2.5,"ug/l",5,"","A","",2021-10-27
"SCRN_ALLEG-CO1","02-WANG-20.9","N","02-WANG-20.9-09152021-W","R2109606","nickel",2021-09-15 15:30:00,"7440-02-0","T",1.8,"ug/l","E200.8",0.46,"ug/l",1,"","A","",2021-10-27
"SCRN_ALLEG-CO1","02-WANG-20.9","N","02-WANG-20.9-09152021-W","R2109606","nitrate+nitrite as nitrogen",2021-09-15 15:30:00,"NO3NO2N","T",0.395,"mg/l","E353.2",0.0015,"mg/l",0.002,"","A","",2021-10-27
"SCRN_ALLEG-CO1","02-WANG-20.9","N","02-WANG-20.9-09152021-W","R2109606","nitrogen",2021-09-15 15:30:00,"7727-37-9","T",1.05,"mg/l","Calculation",NA,"mg/l",0.1,"","T","low confidence in value due to Equipment Blank error",2021-10-27
"SCRN_ALLEG-CO1","02-WANG-20.9","N","02-WANG-20.9-09152021-W","R2109606","nitrogen, ammonia (as n)",2021-09-15 15:30:00,"7664-41-7","T",0.032,"mg/l","E350.1",0.003,"mg/l",0.01,"","A","",2021-10-27
"SCRN_ALLEG-CO1","02-WANG-20.9","N","02-WANG-20.9-09152021-W","R2109606","nitrogen, kjeldahl, total",2021-09-15 15:30:00,"KN","T",0.66,"mg/l","E351.2",0.1,"mg/l",0.1,"","R","Equipment Blank error",2021-10-27
